,Ciudad,genero,edad,SensaciónVisual,SensaciónVisualNormalizada,PreferenciaVisual,PreferenciaVisualNormalizado,SensaciónTérmica,SensaciónTérmicaNormalizada,PreferenciaTérmica,PreferenciaTérmicaNormalizado,EV_media,Rango_EV_media,TEMP,HUMEDAD
0,Armenia,F,23.0,2.0,0.0,-1.0,0.5,2.0,0.33,-2.0,0.33,796.0,4.0,28.9,50.2
1,Armenia,F,23.0,2.0,0.0,-1.0,0.5,2.0,0.33,-2.0,0.33,779.0,4.0,29.1,50.2
2,Armenia,F,23.0,1.0,0.5,-1.0,0.5,2.0,0.33,-2.0,0.33,530.0,4.0,29.2,50.7
3,Armenia,F,23.0,1.0,0.5,0.0,1.0,1.0,0.67,-1.0,0.67,622.0,4.0,29.4,50.0
4,Armenia,M,20.0,0.0,1.0,1.0,0.5,3.0,0.0,-1.0,0.67,202.0,2.0,28.9,50.2
5,Armenia,M,20.0,0.0,1.0,1.0,0.5,3.0,0.0,-1.0,0.67,195.0,2.0,29.1,50.2
6,Armenia,M,20.0,-1.0,0.5,1.0,0.5,3.0,0.0,-1.0,0.67,165.0,2.0,29.2,50.7
7,Armenia,F,17.0,0.0,1.0,0.0,1.0,0.0,1.0,-2.0,0.33,384.0,3.0,28.9,50.2
8,Armenia,F,17.0,1.0,0.5,0.0,1.0,0.0,1.0,-2.0,0.33,329.0,3.0,29.1,50.2
9,Armenia,F,17.0,-2.0,0.0,0.0,1.0,0.0,1.0,-2.0,0.33,230.0,2.0,29.2,50.7
10,Armenia,F,17.0,-2.0,0.0,0.0,1.0,2.0,0.33,-3.0,0.0,241.0,2.0,29.4,50.0
11,Armenia,M,20.0,0.0,1.0,0.0,1.0,0.0,1.0,-2.0,0.33,514.0,4.0,29.1,50.2
12,Armenia,M,20.0,-1.0,0.5,2.0,0.0,0.0,1.0,-2.0,0.33,324.0,3.0,29.2,50.7
13,Armenia,M,20.0,-1.0,0.5,2.0,0.0,0.0,1.0,-1.0,0.67,316.0,3.0,29.4,50.0
14,Armenia,F,18.0,0.0,1.0,0.0,1.0,3.0,0.0,-3.0,0.0,197.0,2.0,28.9,50.2
15,Armenia,F,18.0,0.0,1.0,0.0,1.0,3.0,0.0,-3.0,0.0,178.0,2.0,29.1,50.2
16,Armenia,F,18.0,1.0,0.5,0.0,1.0,2.0,0.33,-2.0,0.33,115.0,2.0,29.2,50.7
17,Armenia,F,18.0,0.0,1.0,0.0,1.0,3.0,0.0,-2.0,0.33,142.0,2.0,29.4,50.0
18,Armenia,F,16.0,1.0,0.5,0.0,1.0,2.0,0.33,-2.0,0.33,625.0,4.0,28.9,50.2
19,Armenia,F,16.0,1.0,0.5,1.0,0.5,3.0,0.0,-2.0,0.33,517.0,4.0,29.1,50.2
20,Armenia,F,16.0,0.0,1.0,0.0,1.0,3.0,0.0,-2.0,0.33,349.0,3.0,29.2,50.7
21,Armenia,F,16.0,1.0,0.5,-2.0,0.0,2.0,0.33,-2.0,0.33,343.0,3.0,29.4,50.0
22,Armenia,M,21.0,1.0,0.5,-1.0,0.5,1.0,0.67,-3.0,0.0,469.0,3.0,28.9,50.2
23,Armenia,M,21.0,0.0,1.0,1.0,0.5,2.0,0.33,-2.0,0.33,387.0,3.0,29.1,50.2
24,Armenia,M,21.0,0.0,1.0,0.0,1.0,2.0,0.33,-2.0,0.33,259.0,2.0,29.2,50.7
25,Armenia,F,17.0,1.0,0.5,1.0,0.5,1.0,0.67,-1.0,0.67,249.0,2.0,28.9,50.2
26,Armenia,F,17.0,1.0,0.5,1.0,0.5,1.0,0.67,-2.0,0.33,216.0,2.0,29.1,50.2
27,Armenia,F,17.0,0.0,1.0,1.0,0.5,0.0,1.0,-1.0,0.67,143.0,2.0,29.2,50.7
28,Armenia,F,17.0,0.0,1.0,1.0,0.5,1.0,0.67,-1.0,0.67,156.0,2.0,29.4,50.0
29,Armenia,M,17.0,0.0,1.0,0.0,1.0,0.0,1.0,-3.0,0.0,533.0,4.0,28.9,50.2
30,Armenia,M,17.0,0.0,1.0,0.0,1.0,0.0,1.0,-3.0,0.0,455.0,3.0,29.1,50.2
31,Armenia,M,17.0,0.0,1.0,0.0,1.0,1.0,0.67,-3.0,0.0,243.0,2.0,29.2,50.7
32,Armenia,M,17.0,0.0,1.0,0.0,1.0,1.0,0.67,-3.0,0.0,259.0,2.0,29.4,50.0
33,Armenia,F,18.0,1.0,0.5,2.0,0.0,2.0,0.33,-2.0,0.33,345.0,3.0,28.9,50.2
34,Armenia,F,18.0,1.0,0.5,2.0,0.0,2.0,0.33,-2.0,0.33,307.0,3.0,29.1,50.2
35,Armenia,F,18.0,1.0,0.5,2.0,0.0,2.0,0.33,-2.0,0.33,152.0,2.0,29.2,50.7
36,Armenia,F,18.0,1.0,0.5,2.0,0.0,2.0,0.33,-2.0,0.33,160.0,2.0,29.4,50.0
37,Armenia,M,23.0,0.0,1.0,0.0,1.0,1.0,0.67,-1.0,0.67,161.0,2.0,28.9,50.2
38,Armenia,M,23.0,0.0,1.0,0.0,1.0,1.0,0.67,-1.0,0.67,161.0,2.0,29.1,50.2
39,Armenia,M,23.0,0.0,1.0,0.0,1.0,2.0,0.33,-1.0,0.67,56.0,1.0,29.2,50.7
40,Armenia,F,19.0,0.0,1.0,1.0,0.5,0.0,1.0,-2.0,0.33,337.0,3.0,24.2,68.4
41,Armenia,F,19.0,2.0,0.0,0.0,1.0,0.0,1.0,0.0,1.0,480.0,3.0,24.6,66.0
42,Armenia,F,19.0,-1.0,0.5,0.0,1.0,-1.0,0.67,1.0,0.67,474.0,3.0,24.8,65.9
43,Armenia,F,19.0,-1.0,0.5,1.0,0.5,0.0,1.0,0.0,1.0,536.0,4.0,25.0,65.6
44,Armenia,F,19.0,1.0,0.5,0.0,1.0,0.0,1.0,0.0,1.0,304.0,3.0,25.2,64.9
45,Armenia,F,20.0,0.0,1.0,0.0,1.0,0.0,1.0,0.0,1.0,245.0,2.0,24.2,68.4
46,Armenia,F,20.0,-1.0,0.5,1.0,0.5,-1.0,0.67,0.0,1.0,303.0,3.0,24.6,66.0
47,Armenia,F,20.0,-1.0,0.5,1.0,0.5,-1.0,0.67,0.0,1.0,326.0,3.0,24.8,65.9
48,Armenia,F,20.0,-1.0,0.5,2.0,0.0,-2.0,0.33,1.0,0.67,372.0,3.0,25.0,65.6
49,Armenia,F,20.0,-1.0,0.5,1.0,0.5,-2.0,0.33,0.0,1.0,285.0,2.0,25.2,64.9
50,Armenia,M,20.0,0.0,1.0,1.0,0.5,0.0,1.0,-3.0,0.0,180.0,2.0,24.2,68.4
51,Armenia,M,20.0,0.0,1.0,1.0,0.5,0.0,1.0,-3.0,0.0,191.0,2.0,24.6,66.0
52,Armenia,M,20.0,0.0,1.0,1.0,0.5,0.0,1.0,-3.0,0.0,206.0,2.0,24.8,65.9
53,Armenia,M,20.0,0.0,1.0,1.0,0.5,0.0,1.0,-3.0,0.0,210.0,2.0,25.0,65.6
54,Armenia,M,20.0,0.0,1.0,1.0,0.5,0.0,1.0,-3.0,0.0,206.0,2.0,25.2,64.9
55,Armenia,F,21.0,0.0,1.0,-1.0,0.5,0.0,1.0,-2.0,0.33,402.0,3.0,24.2,68.4
56,Armenia,F,21.0,0.0,1.0,-1.0,0.5,-1.0,0.67,-3.0,0.0,413.0,3.0,24.6,66.0
57,Armenia,F,21.0,0.0,1.0,-2.0,0.0,1.0,0.67,-3.0,0.0,465.0,3.0,24.8,65.9
58,Armenia,F,21.0,1.0,0.5,-2.0,0.0,2.0,0.33,-3.0,0.0,468.0,3.0,25.0,65.6
59,Armenia,F,20.0,0.0,1.0,1.0,0.5,-2.0,0.33,0.0,1.0,263.0,2.0,24.2,68.4
60,Armenia,F,20.0,0.0,1.0,0.0,1.0,-2.0,0.33,0.0,1.0,287.0,2.0,24.6,66.0
61,Armenia,F,20.0,0.0,1.0,1.0,0.5,0.0,1.0,0.0,1.0,312.0,3.0,24.8,65.9
62,Armenia,F,20.0,0.0,1.0,0.0,1.0,-1.0,0.67,0.0,1.0,304.0,3.0,25.0,65.6
63,Armenia,F,20.0,0.0,1.0,0.0,1.0,0.0,1.0,0.0,1.0,320.0,3.0,25.2,64.9
64,Armenia,F,21.0,-2.0,0.0,1.0,0.5,1.0,0.67,-3.0,0.0,343.0,3.0,24.2,68.4
65,Armenia,F,21.0,2.0,0.0,-2.0,0.0,3.0,0.0,-3.0,0.0,361.0,3.0,24.6,66.0
66,Armenia,F,21.0,0.0,1.0,0.0,1.0,0.0,1.0,-2.0,0.33,385.0,3.0,24.8,65.9
67,Armenia,F,21.0,0.0,1.0,0.0,1.0,0.0,1.0,0.0,1.0,391.0,3.0,25.0,65.6
68,Armenia,F,21.0,1.0,0.5,-2.0,0.0,1.0,0.67,-2.0,0.33,451.0,3.0,25.2,64.9
69,Armenia,M,23.0,0.0,1.0,0.0,1.0,-1.0,0.67,0.0,1.0,233.0,2.0,24.2,68.4
70,Armenia,M,23.0,0.0,1.0,0.0,1.0,-1.0,0.67,0.0,1.0,249.0,2.0,24.6,66.0
71,Armenia,M,23.0,0.0,1.0,0.0,1.0,-1.0,0.67,-1.0,0.67,259.0,2.0,24.8,65.9
72,Armenia,M,23.0,0.0,1.0,0.0,1.0,-1.0,0.67,-1.0,0.67,279.0,2.0,25.0,65.6
73,Armenia,M,23.0,0.0,1.0,0.0,1.0,0.0,1.0,-1.0,0.67,305.0,3.0,25.2,64.9
74,Armenia,F,19.0,2.0,0.0,-1.0,0.5,1.0,0.67,0.0,1.0,123.0,2.0,24.2,68.4
75,Armenia,F,19.0,-1.0,0.5,2.0,0.0,-3.0,0.0,0.0,1.0,129.0,2.0,24.6,66.0
76,Armenia,F,19.0,-2.0,0.0,0.0,1.0,-3.0,0.0,1.0,0.67,143.0,2.0,24.8,65.9
77,Armenia,F,19.0,0.0,1.0,-1.0,0.5,0.0,1.0,0.0,1.0,149.0,2.0,25.0,65.6
78,Armenia,F,19.0,2.0,0.0,-1.0,0.5,2.0,0.33,-2.0,0.33,156.0,2.0,25.2,64.9
79,Armenia,M,23.0,0.0,1.0,0.0,1.0,0.0,1.0,-1.0,0.67,121.0,2.0,24.2,68.4
80,Armenia,M,23.0,0.0,1.0,0.0,1.0,0.0,1.0,-1.0,0.67,129.0,2.0,24.6,66.0
81,Armenia,M,23.0,0.0,1.0,0.0,1.0,0.0,1.0,-1.0,0.67,160.0,2.0,24.8,65.9
82,Armenia,M,23.0,0.0,1.0,0.0,1.0,0.0,1.0,0.0,1.0,129.0,2.0,25.0,65.6
83,Armenia,M,23.0,0.0,1.0,0.0,1.0,0.0,1.0,0.0,1.0,175.0,2.0,25.2,64.9
84,Armenia,M,19.0,0.0,1.0,0.0,1.0,0.0,1.0,0.0,1.0,35.0,1.0,24.2,68.4
85,Armenia,M,19.0,0.0,1.0,0.0,1.0,-2.0,0.33,1.0,0.67,49.0,1.0,24.6,66.0
86,Armenia,M,19.0,0.0,1.0,0.0,1.0,0.0,1.0,0.0,1.0,56.0,1.0,24.8,65.9
87,Armenia,M,19.0,0.0,1.0,0.0,1.0,0.0,1.0,0.0,1.0,56.0,1.0,25.0,65.6
88,Armenia,M,19.0,0.0,1.0,0.0,1.0,0.0,1.0,0.0,1.0,63.0,1.0,25.2,64.9
89,Armenia,M,26.0,0.0,1.0,2.0,0.0,1.0,0.67,-3.0,0.0,947.0,4.0,28.5,56.2
90,Armenia,M,26.0,1.0,0.5,2.0,0.0,1.0,0.67,-3.0,0.0,923.0,4.0,28.5,55.4
91,Armenia,M,26.0,-1.0,0.5,2.0,0.0,1.0,0.67,-2.0,0.33,713.0,4.0,28.6,55.3
92,Armenia,M,26.0,0.0,1.0,1.0,0.5,-1.0,0.67,-2.0,0.33,773.0,4.0,28.4,55.9
93,Armenia,M,26.0,-1.0,0.5,1.0,0.5,1.0,0.67,-3.0,0.0,603.0,4.0,28.5,56.0
94,Armenia,M,26.0,-1.0,0.5,1.0,0.5,-1.0,0.67,-2.0,0.33,591.0,4.0,28.4,56.2
95,Armenia,F,21.0,1.0,0.5,0.0,1.0,0.0,1.0,0.0,1.0,446.0,3.0,28.5,56.2
96,Armenia,F,21.0,-2.0,0.0,0.0,1.0,0.0,1.0,0.0,1.0,435.0,3.0,28.5,55.4
97,Armenia,F,21.0,0.0,1.0,1.0,0.5,0.0,1.0,0.0,1.0,331.0,3.0,28.6,55.3
98,Armenia,F,21.0,-1.0,0.5,2.0,0.0,0.0,1.0,0.0,1.0,343.0,3.0,28.4,55.9
99,Armenia,F,21.0,-1.0,0.5,2.0,0.0,0.0,1.0,0.0,1.0,274.0,2.0,28.5,56.0
100,Armenia,F,21.0,-1.0,0.5,2.0,0.0,0.0,1.0,0.0,1.0,285.0,2.0,28.4,56.2
101,Armenia,F,21.0,-1.0,0.5,1.0,0.5,1.0,0.67,-2.0,0.33,206.0,2.0,28.5,56.2
102,Armenia,F,21.0,-1.0,0.5,1.0,0.5,-1.0,0.67,-2.0,0.33,206.0,2.0,28.5,55.4
103,Armenia,F,21.0,-1.0,0.5,1.0,0.5,-1.0,0.67,-2.0,0.33,183.0,2.0,28.6,55.3
104,Armenia,F,21.0,-1.0,0.5,1.0,0.5,-1.0,0.67,-2.0,0.33,187.0,2.0,28.4,55.9
105,Armenia,F,21.0,-1.0,0.5,2.0,0.0,1.0,0.67,-2.0,0.33,169.0,2.0,28.5,56.0
106,Armenia,F,21.0,-1.0,0.5,1.0,0.5,1.0,0.67,-2.0,0.33,169.0,2.0,28.4,56.2
107,Armenia,M,30.0,1.0,0.5,1.0,0.5,1.0,0.67,-1.0,0.67,553.0,4.0,28.5,56.2
108,Armenia,M,30.0,1.0,0.5,1.0,0.5,3.0,0.0,-2.0,0.33,557.0,4.0,28.5,55.4
109,Armenia,M,30.0,1.0,0.5,1.0,0.5,3.0,0.0,-2.0,0.33,409.0,3.0,28.6,55.3
110,Armenia,M,30.0,1.0,0.5,1.0,0.5,2.0,0.33,-2.0,0.33,431.0,3.0,28.4,55.9
111,Armenia,M,30.0,1.0,0.5,1.0,0.5,2.0,0.33,-2.0,0.33,336.0,3.0,28.5,56.0
112,Armenia,M,30.0,1.0,0.5,1.0,0.5,2.0,0.33,-2.0,0.33,351.0,3.0,28.4,56.2
113,Armenia,M,20.0,0.0,1.0,1.0,0.5,0.0,1.0,0.0,1.0,324.0,3.0,28.5,56.2
114,Armenia,M,20.0,-1.0,0.5,2.0,0.0,-2.0,0.33,1.0,0.67,250.0,2.0,28.6,55.3
115,Armenia,M,20.0,0.0,1.0,1.0,0.5,-2.0,0.33,-1.0,0.67,214.0,2.0,28.5,56.0
116,Armenia,M,20.0,-2.0,0.0,2.0,0.0,-2.0,0.33,-1.0,0.67,206.0,2.0,28.4,56.2
117,Armenia,F,19.0,1.0,0.5,2.0,0.0,2.0,0.33,-2.0,0.33,192.0,2.0,28.5,56.2
118,Armenia,F,19.0,0.0,1.0,0.0,1.0,3.0,0.0,-3.0,0.0,183.0,2.0,28.5,55.4
119,Armenia,F,19.0,-1.0,0.5,-1.0,0.5,1.0,0.67,-1.0,0.67,133.0,2.0,28.6,55.3
120,Armenia,F,19.0,-1.0,0.5,1.0,0.5,1.0,0.67,-2.0,0.33,147.0,2.0,28.4,55.9
121,Armenia,F,19.0,-2.0,0.0,2.0,0.0,0.0,1.0,0.0,1.0,115.0,2.0,28.5,56.0
122,Armenia,F,19.0,-1.0,0.5,1.0,0.5,-1.0,0.67,0.0,1.0,110.0,2.0,28.4,56.2
123,Armenia,F,20.0,2.0,0.0,0.0,1.0,3.0,0.0,-1.0,0.67,571.0,4.0,28.5,56.2
124,Armenia,F,20.0,2.0,0.0,0.0,1.0,0.0,1.0,-2.0,0.33,571.0,4.0,28.5,55.4
125,Armenia,F,20.0,1.0,0.5,0.0,1.0,0.0,1.0,-2.0,0.33,433.0,3.0,28.6,55.3
126,Armenia,F,20.0,1.0,0.5,0.0,1.0,0.0,1.0,-2.0,0.33,457.0,3.0,28.4,55.9
127,Armenia,F,20.0,1.0,0.5,0.0,1.0,0.0,1.0,0.0,1.0,361.0,3.0,28.4,56.2
128,Armenia,F,21.0,0.0,1.0,1.0,0.5,2.0,0.33,-2.0,0.33,361.0,3.0,28.5,56.2
129,Armenia,F,21.0,-1.0,0.5,1.0,0.5,1.0,0.67,-2.0,0.33,346.0,3.0,28.5,55.4
130,Armenia,F,21.0,-1.0,0.5,1.0,0.5,2.0,0.33,-2.0,0.33,269.0,2.0,28.6,55.3
131,Armenia,F,21.0,-1.0,0.5,1.0,0.5,1.0,0.67,-1.0,0.67,233.0,2.0,28.5,56.0
132,Armenia,F,21.0,-1.0,0.5,1.0,0.5,1.0,0.67,-1.0,0.67,228.0,2.0,28.4,56.2
133,Armenia,F,24.0,0.0,1.0,0.0,1.0,3.0,0.0,-3.0,0.0,169.0,2.0,28.5,56.2
134,Armenia,F,24.0,1.0,0.5,1.0,0.5,3.0,0.0,-3.0,0.0,189.0,2.0,28.5,55.4
135,Armenia,F,24.0,1.0,0.5,1.0,0.5,2.0,0.33,-2.0,0.33,136.0,2.0,28.6,55.3
136,Armenia,F,24.0,-1.0,0.5,2.0,0.0,1.0,0.67,-3.0,0.0,116.0,2.0,28.5,56.0
137,Armenia,F,24.0,-1.0,0.5,1.0,0.5,0.0,1.0,-3.0,0.0,116.0,2.0,28.4,56.2
138,Armenia,F,22.0,1.0,0.5,0.0,1.0,1.0,0.67,-1.0,0.67,431.0,3.0,28.5,56.2
139,Armenia,F,22.0,0.0,1.0,0.0,1.0,0.0,1.0,0.0,1.0,424.0,3.0,28.5,55.4
140,Armenia,F,22.0,0.0,1.0,0.0,1.0,0.0,1.0,0.0,1.0,283.0,2.0,28.6,55.3
141,Armenia,F,22.0,0.0,1.0,0.0,1.0,0.0,1.0,0.0,1.0,314.0,3.0,28.4,55.9
142,Armenia,F,22.0,-1.0,0.5,1.0,0.5,0.0,1.0,0.0,1.0,212.0,2.0,28.5,56.0
143,Armenia,F,22.0,-1.0,0.5,1.0,0.5,0.0,1.0,0.0,1.0,212.0,2.0,28.4,56.2
144,Armenia,F,25.0,1.0,0.5,0.0,1.0,1.0,0.67,0.0,1.0,260.0,2.0,28.5,56.2
145,Armenia,F,25.0,0.0,1.0,1.0,0.5,1.0,0.67,-1.0,0.67,252.0,2.0,28.5,55.4
146,Armenia,F,25.0,0.0,1.0,0.0,1.0,1.0,0.67,-1.0,0.67,160.0,2.0,28.6,55.3
147,Armenia,F,25.0,0.0,1.0,0.0,1.0,1.0,0.67,-1.0,0.67,183.0,2.0,28.4,55.9
148,Armenia,F,25.0,0.0,1.0,0.0,1.0,1.0,0.67,-1.0,0.67,113.0,2.0,28.5,56.0
149,Armenia,F,25.0,0.0,1.0,1.0,0.5,1.0,0.67,-1.0,0.67,51.0,1.0,28.4,56.2
150,Armenia,M,25.0,0.0,1.0,0.0,1.0,1.0,0.67,-2.0,0.33,105.0,2.0,28.5,56.2
151,Armenia,M,25.0,0.0,1.0,0.0,1.0,0.0,1.0,-2.0,0.33,84.0,1.0,28.5,55.4
152,Armenia,M,25.0,0.0,1.0,2.0,0.0,0.0,1.0,0.0,1.0,49.0,1.0,28.6,55.3
153,Armenia,M,25.0,1.0,0.5,1.0,0.5,0.0,1.0,0.0,1.0,49.0,1.0,28.4,55.9
154,Armenia,M,25.0,-1.0,0.5,1.0,0.5,0.0,1.0,0.0,1.0,21.0,1.0,28.5,56.0
155,Armenia,M,25.0,-1.0,0.5,1.0,0.5,0.0,1.0,0.0,1.0,14.0,1.0,28.4,56.2
156,Armenia,F,19.0,0.0,1.0,0.0,1.0,0.0,1.0,0.0,1.0,976.0,4.0,24.5,65.4
157,Armenia,F,19.0,0.0,1.0,0.0,1.0,0.0,1.0,0.0,1.0,1153.0,5.0,24.7,65.3
158,Armenia,F,19.0,0.0,1.0,0.0,1.0,0.0,1.0,0.0,1.0,1332.0,5.0,25.1,65.0
159,Armenia,F,19.0,0.0,1.0,0.0,1.0,0.0,1.0,0.0,1.0,1480.0,5.0,25.5,64.0
160,Armenia,F,19.0,0.0,1.0,0.0,1.0,0.0,1.0,0.0,1.0,1463.0,5.0,25.9,63.9
161,Armenia,F,19.0,0.0,1.0,0.0,1.0,0.0,1.0,0.0,1.0,1592.0,5.0,26.3,64.2
162,Armenia,F,19.0,0.0,1.0,0.0,1.0,0.0,1.0,0.0,1.0,543.0,4.0,24.5,65.4
163,Armenia,F,19.0,0.0,1.0,0.0,1.0,0.0,1.0,0.0,1.0,639.0,4.0,24.7,65.3
164,Armenia,F,19.0,0.0,1.0,0.0,1.0,0.0,1.0,0.0,1.0,756.0,4.0,25.1,65.0
165,Armenia,F,19.0,0.0,1.0,0.0,1.0,0.0,1.0,0.0,1.0,850.0,4.0,25.5,64.0
166,Armenia,F,19.0,0.0,1.0,0.0,1.0,0.0,1.0,0.0,1.0,850.0,4.0,25.9,63.9
167,Armenia,F,19.0,0.0,1.0,0.0,1.0,0.0,1.0,0.0,1.0,932.0,4.0,26.3,64.2
168,Armenia,F,19.0,-1.0,0.5,2.0,0.0,0.0,1.0,0.0,1.0,169.0,2.0,24.5,65.4
169,Armenia,F,19.0,0.0,1.0,2.0,0.0,0.0,1.0,0.0,1.0,183.0,2.0,24.7,65.3
170,Armenia,F,19.0,0.0,1.0,0.0,1.0,0.0,1.0,0.0,1.0,202.0,2.0,25.1,65.0
171,Armenia,F,19.0,0.0,1.0,0.0,1.0,0.0,1.0,0.0,1.0,217.0,2.0,25.5,64.0
172,Armenia,F,19.0,0.0,1.0,0.0,1.0,0.0,1.0,0.0,1.0,217.0,2.0,25.9,63.9
173,Armenia,F,19.0,0.0,1.0,0.0,1.0,0.0,1.0,0.0,1.0,221.0,2.0,26.3,64.2
174,Armenia,F,19.0,-1.0,0.5,2.0,0.0,-1.0,0.67,2.0,0.33,303.0,3.0,24.5,65.4
175,Armenia,F,19.0,-1.0,0.5,2.0,0.0,-1.0,0.67,2.0,0.33,354.0,3.0,24.7,65.3
176,Armenia,F,19.0,0.0,1.0,2.0,0.0,0.0,1.0,0.0,1.0,439.0,3.0,25.1,65.0
177,Armenia,F,19.0,0.0,1.0,2.0,0.0,-1.0,0.67,1.0,0.67,344.0,3.0,25.5,64.0
178,Armenia,F,19.0,0.0,1.0,0.0,1.0,-2.0,0.33,1.0,0.67,457.0,3.0,25.9,63.9
179,Armenia,F,19.0,0.0,1.0,0.0,1.0,-2.0,0.33,1.0,0.67,465.0,3.0,26.3,64.2
180,Armenia,F,19.0,0.0,1.0,1.0,0.5,0.0,1.0,0.0,1.0,95.0,1.0,24.5,65.4
181,Armenia,F,19.0,0.0,1.0,0.0,1.0,0.0,1.0,0.0,1.0,144.0,2.0,24.7,65.3
182,Armenia,F,19.0,0.0,1.0,0.0,1.0,-1.0,0.67,1.0,0.67,185.0,2.0,25.1,65.0
183,Armenia,F,19.0,-1.0,0.5,1.0,0.5,0.0,1.0,0.0,1.0,193.0,2.0,25.5,64.0
184,Armenia,F,19.0,-1.0,0.5,1.0,0.5,0.0,1.0,0.0,1.0,185.0,2.0,25.9,63.9
185,Armenia,F,19.0,0.0,1.0,0.0,1.0,0.0,1.0,0.0,1.0,210.0,2.0,26.3,64.2
186,Armenia,F,19.0,-1.0,0.5,2.0,0.0,0.0,1.0,0.0,1.0,60.0,1.0,24.5,65.4
187,Armenia,F,19.0,-1.0,0.5,2.0,0.0,0.0,1.0,0.0,1.0,78.0,1.0,24.7,65.3
188,Armenia,F,19.0,-1.0,0.5,2.0,0.0,0.0,1.0,0.0,1.0,115.0,2.0,25.1,65.0
189,Armenia,F,19.0,-1.0,0.5,2.0,0.0,0.0,1.0,-1.0,0.67,110.0,2.0,25.5,64.0
190,Armenia,F,20.0,-1.0,0.5,2.0,0.0,-1.0,0.67,-2.0,0.33,241.0,2.0,24.5,65.4
191,Armenia,F,20.0,-1.0,0.5,2.0,0.0,0.0,1.0,-1.0,0.67,253.0,2.0,24.7,65.3
192,Armenia,F,20.0,0.0,1.0,1.0,0.5,0.0,1.0,0.0,1.0,343.0,3.0,25.1,65.0
193,Armenia,F,20.0,0.0,1.0,1.0,0.5,0.0,1.0,0.0,1.0,373.0,3.0,25.5,64.0
194,Armenia,F,20.0,1.0,0.5,0.0,1.0,0.0,1.0,0.0,1.0,379.0,3.0,25.9,63.9
195,Armenia,F,20.0,1.0,0.5,0.0,1.0,0.0,1.0,0.0,1.0,391.0,3.0,26.3,64.2
196,Armenia,F,20.0,0.0,1.0,2.0,0.0,0.0,1.0,0.0,1.0,213.0,2.0,24.5,65.4
197,Armenia,F,20.0,-1.0,0.5,2.0,0.0,2.0,0.33,-1.0,0.67,249.0,2.0,24.7,65.3
198,Armenia,F,20.0,1.0,0.5,2.0,0.0,2.0,0.33,-1.0,0.67,305.0,3.0,25.1,65.0
199,Armenia,F,20.0,-1.0,0.5,2.0,0.0,2.0,0.33,0.0,1.0,331.0,3.0,25.5,64.0
200,Armenia,F,20.0,2.0,0.0,2.0,0.0,2.0,0.33,0.0,1.0,331.0,3.0,25.9,63.9
201,Armenia,F,20.0,0.0,1.0,2.0,0.0,2.0,0.33,0.0,1.0,326.0,3.0,26.3,64.2
202,Armenia,F,18.0,-1.0,0.5,1.0,0.5,0.0,1.0,0.0,1.0,69.0,1.0,24.5,65.4
203,Armenia,F,18.0,-1.0,0.5,1.0,0.5,0.0,1.0,-1.0,0.67,83.0,1.0,24.7,65.3
204,Armenia,F,18.0,0.0,1.0,2.0,0.0,1.0,0.67,-2.0,0.33,109.0,2.0,25.1,65.0
205,Armenia,F,18.0,0.0,1.0,0.0,1.0,0.0,1.0,0.0,1.0,103.0,2.0,25.9,63.9
206,Armenia,F,18.0,0.0,1.0,0.0,1.0,1.0,0.67,-1.0,0.67,129.0,2.0,26.3,64.2
207,Armenia,F,19.0,0.0,1.0,0.0,1.0,0.0,1.0,0.0,1.0,1360.0,5.0,28.7,60.1
208,Armenia,F,19.0,0.0,1.0,0.0,1.0,0.0,1.0,0.0,1.0,268.0,2.0,29.0,60.0
209,Armenia,F,19.0,0.0,1.0,0.0,1.0,0.0,1.0,0.0,1.0,136.0,2.0,27.0,59.4
210,Armenia,F,19.0,0.0,1.0,0.0,1.0,0.0,1.0,0.0,1.0,117.0,2.0,26.1,65.6
211,Armenia,F,19.0,0.0,1.0,0.0,1.0,0.0,1.0,-1.0,0.67,180.0,2.0,26.8,64.9
212,Armenia,F,17.0,0.0,1.0,1.0,0.5,2.0,0.33,-2.0,0.33,492.0,3.0,28.7,60.1
213,Armenia,F,17.0,-1.0,0.5,2.0,0.0,0.0,1.0,-1.0,0.67,93.0,1.0,29.0,60.0
214,Armenia,F,17.0,-1.0,0.5,2.0,0.0,0.0,1.0,-1.0,0.67,40.0,1.0,27.0,59.4
215,Armenia,F,17.0,-1.0,0.5,2.0,0.0,0.0,1.0,-1.0,0.67,34.0,1.0,26.1,65.6
216,Armenia,F,17.0,-1.0,0.5,1.0,0.5,0.0,1.0,-1.0,0.67,57.0,1.0,26.8,64.9
217,Armenia,F,16.0,-1.0,0.5,1.0,0.5,2.0,0.33,-3.0,0.0,217.0,2.0,28.7,60.1
218,Armenia,F,16.0,2.0,0.0,2.0,0.0,-1.0,0.67,-3.0,0.0,136.0,2.0,29.0,60.0
219,Armenia,F,16.0,1.0,0.5,2.0,0.0,-2.0,0.33,-3.0,0.0,125.0,2.0,27.0,59.4
220,Armenia,F,16.0,2.0,0.0,2.0,0.0,-2.0,0.33,-3.0,0.0,125.0,2.0,26.1,65.6
221,Armenia,F,16.0,0.0,1.0,2.0,0.0,-1.0,0.67,-3.0,0.0,125.0,2.0,26.8,64.9
222,Armenia,M,18.0,0.0,1.0,0.0,1.0,1.0,0.67,-1.0,0.67,391.0,3.0,28.7,60.1
223,Armenia,M,18.0,-1.0,0.5,2.0,0.0,1.0,0.67,-1.0,0.67,110.0,2.0,29.0,60.0
224,Armenia,M,18.0,-1.0,0.5,2.0,0.0,-1.0,0.67,1.0,0.67,85.0,1.0,27.0,59.4
225,Armenia,M,18.0,-1.0,0.5,1.0,0.5,0.0,1.0,0.0,1.0,70.0,1.0,26.1,65.6
226,Armenia,M,18.0,-1.0,0.5,1.0,0.5,0.0,1.0,0.0,1.0,92.0,1.0,26.8,64.9
227,Armenia,F,17.0,-1.0,0.5,1.0,0.5,2.0,0.33,-3.0,0.0,378.0,3.0,28.7,60.1
228,Armenia,F,17.0,-1.0,0.5,1.0,0.5,1.0,0.67,-1.0,0.67,95.0,1.0,29.0,60.0
229,Armenia,F,17.0,-1.0,0.5,1.0,0.5,0.0,1.0,0.0,1.0,67.0,1.0,27.0,59.4
230,Armenia,F,17.0,-1.0,0.5,1.0,0.5,0.0,1.0,0.0,1.0,55.0,1.0,26.1,65.6
231,Armenia,F,17.0,-1.0,0.5,1.0,0.5,1.0,0.67,-1.0,0.67,71.0,1.0,26.8,64.9
232,Armenia,F,28.0,0.0,1.0,1.0,0.5,0.0,1.0,-2.0,0.33,183.0,2.0,28.7,60.1
233,Armenia,F,28.0,-1.0,0.5,1.0,0.5,0.0,1.0,0.0,1.0,37.0,1.0,29.0,60.0
234,Armenia,F,28.0,-1.0,0.5,1.0,0.5,0.0,1.0,0.0,1.0,14.0,1.0,27.0,59.4
235,Armenia,F,28.0,-2.0,0.0,2.0,0.0,0.0,1.0,0.0,1.0,5.0,1.0,26.1,65.6
236,Armenia,F,28.0,-1.0,0.5,1.0,0.5,0.0,1.0,0.0,1.0,5.0,1.0,26.8,64.9
237,Armenia,F,17.0,0.0,1.0,0.0,1.0,1.0,0.67,-1.0,0.67,649.0,4.0,28.7,60.1
238,Armenia,F,17.0,-1.0,0.5,2.0,0.0,-2.0,0.33,0.0,1.0,128.0,2.0,29.0,60.0
239,Armenia,F,17.0,-1.0,0.5,2.0,0.0,-2.0,0.33,0.0,1.0,110.0,2.0,27.0,59.4
240,Armenia,F,17.0,-1.0,0.5,2.0,0.0,-2.0,0.33,0.0,1.0,80.0,1.0,26.1,65.6
241,Armenia,F,17.0,-2.0,0.0,1.0,0.5,-2.0,0.33,0.0,1.0,104.0,2.0,26.8,64.9
242,Armenia,M,20.0,-1.0,0.5,0.0,1.0,1.0,0.67,-1.0,0.67,315.0,3.0,28.7,60.1
243,Armenia,M,20.0,1.0,0.5,0.0,1.0,1.0,0.67,-1.0,0.67,85.0,1.0,29.0,60.0
244,Armenia,M,20.0,-1.0,0.5,1.0,0.5,0.0,1.0,0.0,1.0,59.0,1.0,27.0,59.4
245,Armenia,M,20.0,-1.0,0.5,0.0,1.0,0.0,1.0,0.0,1.0,54.0,1.0,26.1,65.6
246,Armenia,M,20.0,-1.0,0.5,1.0,0.5,-1.0,0.67,0.0,1.0,64.0,1.0,26.8,64.9
247,Armenia,M,18.0,-1.0,0.5,1.0,0.5,2.0,0.33,-2.0,0.33,189.0,2.0,28.7,60.1
248,Armenia,M,18.0,-1.0,0.5,1.0,0.5,0.0,1.0,-1.0,0.67,49.0,1.0,29.0,60.0
249,Armenia,M,18.0,0.0,1.0,1.0,0.5,0.0,1.0,0.0,1.0,36.0,1.0,27.0,59.4
250,Armenia,M,18.0,0.0,1.0,1.0,0.5,0.0,1.0,0.0,1.0,36.0,1.0,26.1,65.6
251,Armenia,M,18.0,0.0,1.0,1.0,0.5,0.0,1.0,0.0,1.0,36.0,1.0,26.8,64.9
252,Armenia,M,19.0,1.0,0.5,0.0,1.0,0.0,1.0,-1.0,0.67,511.0,4.0,26.2,66.9
253,Armenia,M,19.0,0.0,1.0,-1.0,0.5,0.0,1.0,-1.0,0.67,443.0,3.0,25.9,69.0
254,Armenia,M,19.0,0.0,1.0,0.0,1.0,0.0,1.0,-1.0,0.67,530.0,4.0,25.8,69.9
255,Armenia,M,19.0,1.0,0.5,-1.0,0.5,1.0,0.67,-2.0,0.33,306.0,3.0,26.0,70.8
256,Armenia,M,19.0,1.0,0.5,-1.0,0.5,1.0,0.67,-2.0,0.33,262.0,2.0,26.1,70.6
257,Armenia,M,17.0,-1.0,0.5,1.0,0.5,0.0,1.0,-1.0,0.67,169.0,2.0,26.2,66.9
258,Armenia,M,17.0,-1.0,0.5,1.0,0.5,-1.0,0.67,0.0,1.0,140.0,2.0,25.9,69.0
259,Armenia,M,17.0,-1.0,0.5,1.0,0.5,0.0,1.0,0.0,1.0,175.0,2.0,25.8,69.9
260,Armenia,M,17.0,-1.0,0.5,1.0,0.5,0.0,1.0,0.0,1.0,99.0,1.0,26.0,70.8
261,Armenia,M,17.0,-1.0,0.5,1.0,0.5,0.0,1.0,0.0,1.0,93.0,1.0,26.1,70.6
262,Armenia,F,18.0,-1.0,0.5,1.0,0.5,3.0,0.0,-3.0,0.0,147.0,2.0,26.2,66.9
263,Armenia,F,18.0,-2.0,0.0,2.0,0.0,2.0,0.33,-3.0,0.0,140.0,2.0,25.9,69.0
264,Armenia,F,18.0,0.0,1.0,0.0,1.0,1.0,0.67,-3.0,0.0,147.0,2.0,25.8,69.9
265,Armenia,F,18.0,0.0,1.0,2.0,0.0,0.0,1.0,-2.0,0.33,129.0,2.0,26.0,70.8
266,Armenia,F,18.0,-1.0,0.5,2.0,0.0,0.0,1.0,-3.0,0.0,132.0,2.0,26.1,70.6
267,Armenia,F,21.0,2.0,0.0,0.0,1.0,0.0,1.0,0.0,1.0,208.0,2.0,26.2,66.9
268,Armenia,F,21.0,0.0,1.0,0.0,1.0,0.0,1.0,0.0,1.0,150.0,2.0,26.0,70.8
269,Armenia,F,21.0,0.0,1.0,1.0,0.5,0.0,1.0,0.0,1.0,143.0,2.0,26.1,70.6
270,Armenia,F,18.0,0.0,1.0,0.0,1.0,1.0,0.67,-2.0,0.33,95.0,1.0,26.2,66.9
271,Armenia,F,18.0,0.0,1.0,0.0,1.0,0.0,1.0,-1.0,0.67,87.0,1.0,25.9,69.0
272,Armenia,F,18.0,0.0,1.0,0.0,1.0,0.0,1.0,-1.0,0.67,99.0,1.0,25.8,69.9
273,Armenia,F,18.0,-1.0,0.5,1.0,0.5,0.0,1.0,0.0,1.0,55.0,1.0,26.1,70.6
274,Armenia,F,18.0,0.0,1.0,2.0,0.0,1.0,0.67,-1.0,0.67,60.0,1.0,26.2,66.9
275,Armenia,F,18.0,-1.0,0.5,2.0,0.0,1.0,0.67,-1.0,0.67,51.0,1.0,25.9,69.0
276,Armenia,F,18.0,0.0,1.0,2.0,0.0,0.0,1.0,0.0,1.0,55.0,1.0,25.8,69.9
277,Armenia,F,18.0,-1.0,0.5,2.0,0.0,1.0,0.67,-1.0,0.67,28.0,1.0,26.1,70.6
278,Armenia,F,25.0,0.0,1.0,-1.0,0.5,0.0,1.0,0.0,1.0,217.0,2.0,26.2,66.9
279,Armenia,F,25.0,0.0,1.0,0.0,1.0,1.0,0.67,-2.0,0.33,128.0,2.0,26.1,70.6
280,Armenia,F,18.0,0.0,1.0,2.0,0.0,0.0,1.0,0.0,1.0,146.0,2.0,26.2,66.9
281,Armenia,F,18.0,-1.0,0.5,2.0,0.0,0.0,1.0,0.0,1.0,100.0,2.0,26.0,70.8
282,Armenia,F,18.0,-1.0,0.5,2.0,0.0,0.0,1.0,0.0,1.0,95.0,1.0,26.1,70.6
283,Armenia,F,18.0,-1.0,0.5,2.0,0.0,0.0,1.0,0.0,1.0,63.0,1.0,26.2,66.9
284,Armenia,F,18.0,0.0,1.0,2.0,0.0,0.0,1.0,-1.0,0.67,49.0,1.0,25.9,69.0
285,Armenia,F,18.0,0.0,1.0,1.0,0.5,0.0,1.0,-1.0,0.67,56.0,1.0,25.8,69.9
286,Armenia,F,18.0,0.0,1.0,1.0,0.5,0.0,1.0,-1.0,0.67,36.0,1.0,26.1,70.6
287,Armenia,M,20.0,-1.0,0.5,2.0,0.0,2.0,0.33,-3.0,0.0,71.0,1.0,26.2,66.9
288,Armenia,M,20.0,-1.0,0.5,2.0,0.0,2.0,0.33,-3.0,0.0,63.0,1.0,25.9,69.0
289,Armenia,M,20.0,-1.0,0.5,1.0,0.5,2.0,0.33,-2.0,0.33,95.0,1.0,25.8,69.9
290,Armenia,M,20.0,0.0,1.0,1.0,0.5,1.0,0.67,-2.0,0.33,16.0,1.0,26.0,70.8
291,Armenia,M,20.0,-1.0,0.5,1.0,0.5,0.0,1.0,0.0,1.0,1.0,1.0,26.1,70.6
292,Armenia,M,19.0,2.0,0.0,1.0,0.5,0.0,1.0,-3.0,0.0,20.0,1.0,26.2,66.9
293,Armenia,M,19.0,0.0,1.0,1.0,0.5,-2.0,0.33,-1.0,0.67,5.0,1.0,25.9,69.0
294,Armenia,M,19.0,0.0,1.0,1.0,0.5,-2.0,0.33,-2.0,0.33,28.0,1.0,25.8,69.9
295,Armenia,M,19.0,-1.0,0.5,1.0,0.5,-2.0,0.33,-2.0,0.33,-26.0,1.0,26.0,70.8
296,Armenia,M,19.0,-1.0,0.5,2.0,0.0,-2.0,0.33,-2.0,0.33,-26.0,1.0,26.1,70.6
297,Armenia,F,21.0,1.0,0.5,0.0,1.0,0.0,1.0,0.0,1.0,147.0,2.0,24.1,69.9
298,Armenia,F,21.0,0.0,1.0,0.0,1.0,0.0,1.0,0.0,1.0,198.0,2.0,24.3,70.3
299,Armenia,F,21.0,0.0,1.0,1.0,0.5,0.0,1.0,0.0,1.0,158.0,2.0,24.8,69.8
300,Armenia,F,21.0,0.0,1.0,1.0,0.5,0.0,1.0,0.0,1.0,150.0,2.0,25.4,68.3
301,Armenia,F,21.0,0.0,1.0,0.0,1.0,0.0,1.0,0.0,1.0,191.0,2.0,25.3,68.5
302,Armenia,F,21.0,0.0,1.0,0.0,1.0,-2.0,0.33,0.0,1.0,299.0,2.0,23.7,69.7
303,Armenia,F,21.0,-1.0,0.5,1.0,0.5,-3.0,0.0,1.0,0.67,285.0,2.0,24.1,69.9
304,Armenia,M,21.0,0.0,1.0,1.0,0.5,-1.0,0.67,1.0,0.67,124.0,2.0,23.7,69.7
305,Armenia,M,21.0,0.0,1.0,2.0,0.0,-1.0,0.67,1.0,0.67,124.0,2.0,24.1,69.9
306,Armenia,M,21.0,0.0,1.0,0.0,1.0,0.0,1.0,0.0,1.0,255.0,2.0,24.3,70.3
307,Armenia,F,20.0,0.0,1.0,-1.0,0.5,0.0,1.0,0.0,1.0,78.0,1.0,23.7,69.7
308,Armenia,F,20.0,0.0,1.0,0.0,1.0,0.0,1.0,0.0,1.0,87.0,1.0,24.1,69.9
309,Armenia,F,20.0,0.0,1.0,0.0,1.0,0.0,1.0,0.0,1.0,188.0,2.0,24.3,70.3
310,Armenia,F,20.0,0.0,1.0,0.0,1.0,0.0,1.0,0.0,1.0,133.0,2.0,24.8,69.8
311,Armenia,F,20.0,0.0,1.0,0.0,1.0,0.0,1.0,-2.0,0.33,201.0,2.0,25.3,68.5
312,Armenia,M,24.0,-1.0,0.5,0.0,1.0,0.0,1.0,0.0,1.0,469.0,3.0,24.3,70.3
313,Armenia,M,24.0,0.0,1.0,0.0,1.0,0.0,1.0,0.0,1.0,307.0,3.0,24.8,69.8
314,Armenia,M,24.0,-1.0,0.5,0.0,1.0,0.0,1.0,0.0,1.0,283.0,2.0,25.4,68.3
315,Armenia,M,24.0,-1.0,0.5,0.0,1.0,0.0,1.0,0.0,1.0,421.0,3.0,25.3,68.5
316,Armenia,F,23.0,-1.0,0.5,2.0,0.0,-2.0,0.33,1.0,0.67,151.0,2.0,23.7,69.7
317,Armenia,F,23.0,1.0,0.5,1.0,0.5,0.0,1.0,0.0,1.0,341.0,3.0,24.3,70.3
318,Armenia,M,25.0,0.0,1.0,0.0,1.0,0.0,1.0,0.0,1.0,63.0,1.0,23.7,69.7
319,Armenia,M,25.0,0.0,1.0,0.0,1.0,1.0,0.67,-3.0,0.0,56.0,1.0,24.1,69.9
320,Armenia,M,25.0,0.0,1.0,0.0,1.0,1.0,0.67,-1.0,0.67,169.0,2.0,24.3,70.3
321,Armenia,M,25.0,0.0,1.0,0.0,1.0,0.0,1.0,0.0,1.0,96.0,1.0,24.8,69.8
322,Armenia,M,25.0,0.0,1.0,0.0,1.0,0.0,1.0,0.0,1.0,83.0,1.0,25.4,68.3
323,Armenia,M,25.0,0.0,1.0,0.0,1.0,0.0,1.0,0.0,1.0,156.0,2.0,25.3,68.5
324,Armenia,F,22.0,0.0,1.0,0.0,1.0,0.0,1.0,0.0,1.0,110.0,2.0,23.7,69.7
325,Armenia,F,22.0,0.0,1.0,0.0,1.0,0.0,1.0,-2.0,0.33,110.0,2.0,24.1,69.9
326,Armenia,F,22.0,0.0,1.0,1.0,0.5,1.0,0.67,-1.0,0.67,306.0,3.0,24.3,70.3
327,Armenia,F,22.0,0.0,1.0,1.0,0.5,0.0,1.0,-2.0,0.33,165.0,2.0,24.8,69.8
328,Armenia,F,22.0,0.0,1.0,0.0,1.0,0.0,1.0,-2.0,0.33,110.0,2.0,25.4,68.3
329,Armenia,F,22.0,0.0,1.0,1.0,0.5,0.0,1.0,-2.0,0.33,267.0,2.0,25.3,68.5
330,Armenia,F,21.0,0.0,1.0,0.0,1.0,-1.0,0.67,0.0,1.0,-14.0,1.0,23.7,69.7
331,Armenia,F,21.0,1.0,0.5,0.0,1.0,0.0,1.0,0.0,1.0,-7.0,1.0,24.1,69.9
332,Armenia,F,21.0,0.0,1.0,1.0,0.5,0.0,1.0,0.0,1.0,105.0,2.0,24.3,70.3
333,Armenia,F,21.0,-1.0,0.5,1.0,0.5,0.0,1.0,0.0,1.0,21.0,1.0,24.8,69.8
334,Armenia,F,21.0,-1.0,0.5,1.0,0.5,-1.0,0.67,1.0,0.67,0.0,1.0,25.4,68.3
335,Armenia,F,21.0,0.0,1.0,2.0,0.0,0.0,1.0,1.0,0.67,91.0,1.0,25.3,68.5
336,Armenia,F,20.0,0.0,1.0,2.0,0.0,2.0,0.33,-3.0,0.0,1868.0,5.0,29.9,56.4
337,Armenia,F,20.0,0.0,1.0,1.0,0.5,2.0,0.33,-3.0,0.0,1884.0,5.0,30.3,55.6
338,Armenia,F,20.0,-1.0,0.5,0.0,1.0,2.0,0.33,-3.0,0.0,1731.0,5.0,30.5,54.2
339,Armenia,F,20.0,1.0,0.5,1.0,0.5,1.0,0.67,-3.0,0.0,567.0,4.0,30.2,55.7
340,Armenia,M,24.0,-2.0,0.0,2.0,0.0,0.0,1.0,-2.0,0.33,905.0,4.0,29.9,56.4
341,Armenia,M,24.0,0.0,1.0,0.0,1.0,0.0,1.0,-2.0,0.33,900.0,4.0,30.2,55.8
342,Armenia,M,24.0,0.0,1.0,2.0,0.0,2.0,0.33,-2.0,0.33,981.0,4.0,30.3,55.6
343,Armenia,M,24.0,0.0,1.0,2.0,0.0,2.0,0.33,-2.0,0.33,921.0,4.0,30.5,54.2
344,Armenia,M,24.0,0.0,1.0,0.0,1.0,0.0,1.0,-2.0,0.33,279.0,2.0,30.2,55.7
345,Armenia,F,23.0,0.0,1.0,0.0,1.0,3.0,0.0,-3.0,0.0,291.0,2.0,29.9,56.4
346,Armenia,F,23.0,0.0,1.0,1.0,0.5,3.0,0.0,-3.0,0.0,295.0,2.0,30.2,55.8
347,Armenia,F,23.0,0.0,1.0,1.0,0.5,2.0,0.33,-3.0,0.0,311.0,3.0,30.3,55.6
348,Armenia,F,23.0,0.0,1.0,1.0,0.5,3.0,0.0,-3.0,0.0,315.0,3.0,30.5,54.2
349,Armenia,F,23.0,-1.0,0.5,1.0,0.5,3.0,0.0,-3.0,0.0,169.0,2.0,30.2,55.7
350,Armenia,F,19.0,1.0,0.5,2.0,0.0,1.0,0.67,-1.0,0.67,1471.0,5.0,29.9,56.4
351,Armenia,F,19.0,-1.0,0.5,2.0,0.0,2.0,0.33,-3.0,0.0,1417.0,5.0,30.2,55.8
352,Armenia,F,19.0,1.0,0.5,0.0,1.0,3.0,0.0,-3.0,0.0,1505.0,5.0,30.3,55.6
353,Armenia,F,19.0,1.0,0.5,0.0,1.0,3.0,0.0,-3.0,0.0,1260.0,5.0,30.5,54.2
354,Armenia,F,19.0,-1.0,0.5,1.0,0.5,1.0,0.67,-1.0,0.67,387.0,3.0,30.2,55.7
355,Armenia,M,36.0,-1.0,0.5,1.0,0.5,2.0,0.33,-3.0,0.0,568.0,4.0,29.9,56.4
356,Armenia,M,36.0,-2.0,0.0,2.0,0.0,2.0,0.33,-3.0,0.0,547.0,4.0,30.2,55.8
357,Armenia,M,36.0,-1.0,0.5,1.0,0.5,2.0,0.33,-3.0,0.0,617.0,4.0,30.3,55.6
358,Armenia,M,36.0,-1.0,0.5,1.0,0.5,2.0,0.33,-3.0,0.0,576.0,4.0,30.5,54.2
359,Armenia,M,36.0,-1.0,0.5,1.0,0.5,2.0,0.33,-3.0,0.0,185.0,2.0,30.2,55.7
360,Armenia,F,17.0,1.0,0.5,-1.0,0.5,0.0,1.0,0.0,1.0,314.0,3.0,29.9,56.4
361,Armenia,F,17.0,1.0,0.5,-1.0,0.5,1.0,0.67,1.0,0.67,327.0,3.0,30.2,55.8
362,Armenia,F,17.0,0.0,1.0,0.0,1.0,1.0,0.67,-1.0,0.67,363.0,3.0,30.3,55.6
363,Armenia,F,17.0,0.0,1.0,0.0,1.0,0.0,1.0,0.0,1.0,349.0,3.0,30.5,54.2
364,Armenia,F,17.0,-1.0,0.5,1.0,0.5,0.0,1.0,0.0,1.0,97.0,1.0,30.2,55.7
365,Armenia,M,19.0,1.0,0.5,0.0,1.0,2.0,0.33,-1.0,0.67,1168.0,5.0,29.9,56.4
366,Armenia,M,19.0,0.0,1.0,0.0,1.0,2.0,0.33,-1.0,0.67,1102.0,5.0,30.2,55.8
367,Armenia,M,19.0,0.0,1.0,0.0,1.0,1.0,0.67,-1.0,0.67,1120.0,5.0,30.3,55.6
368,Armenia,M,19.0,0.0,1.0,0.0,1.0,1.0,0.67,-1.0,0.67,1053.0,5.0,30.5,54.2
369,Armenia,M,19.0,0.0,1.0,0.0,1.0,0.0,1.0,-1.0,0.67,373.0,3.0,30.2,55.7
370,Armenia,F,20.0,0.0,1.0,0.0,1.0,1.0,0.67,-2.0,0.33,772.0,4.0,29.9,56.4
371,Armenia,F,20.0,0.0,1.0,0.0,1.0,2.0,0.33,-2.0,0.33,721.0,4.0,30.2,55.8
372,Armenia,F,20.0,-1.0,0.5,1.0,0.5,0.0,1.0,-2.0,0.33,973.0,4.0,30.3,55.6
373,Armenia,F,20.0,0.0,1.0,0.0,1.0,2.0,0.33,-2.0,0.33,855.0,4.0,30.5,54.2
374,Armenia,F,20.0,-1.0,0.5,1.0,0.5,0.0,1.0,-1.0,0.67,274.0,2.0,30.2,55.7
375,Armenia,F,18.0,-1.0,0.5,1.0,0.5,2.0,0.33,-3.0,0.0,315.0,3.0,29.9,56.4
376,Armenia,F,18.0,0.0,1.0,1.0,0.5,2.0,0.33,-3.0,0.0,322.0,3.0,30.2,55.8
377,Armenia,F,18.0,-1.0,0.5,1.0,0.5,1.0,0.67,-2.0,0.33,342.0,3.0,30.3,55.6
378,Armenia,F,18.0,0.0,1.0,0.0,1.0,3.0,0.0,-3.0,0.0,322.0,3.0,30.5,54.2
379,Armenia,F,20.0,-1.0,0.5,1.0,0.5,2.0,0.33,-1.0,0.67,949.0,4.0,29.9,56.4
380,Armenia,F,20.0,-1.0,0.5,1.0,0.5,3.0,0.0,-2.0,0.33,964.0,4.0,30.2,55.8
381,Armenia,F,20.0,0.0,1.0,0.0,1.0,3.0,0.0,-2.0,0.33,957.0,4.0,30.3,55.6
382,Armenia,F,20.0,0.0,1.0,0.0,1.0,3.0,0.0,-3.0,0.0,910.0,4.0,30.5,54.2
383,Armenia,F,20.0,-1.0,0.5,1.0,0.5,2.0,0.33,-1.0,0.67,196.0,2.0,30.2,55.7
384,Armenia,F,17.0,0.0,1.0,0.0,1.0,1.0,0.67,-1.0,0.67,631.0,4.0,29.9,56.4
385,Armenia,F,17.0,1.0,0.5,0.0,1.0,2.0,0.33,-2.0,0.33,623.0,4.0,30.2,55.8
386,Armenia,F,17.0,1.0,0.5,0.0,1.0,3.0,0.0,-3.0,0.0,639.0,4.0,30.3,55.6
387,Armenia,F,17.0,1.0,0.5,0.0,1.0,2.0,0.33,-3.0,0.0,593.0,4.0,30.5,54.2
388,Armenia,F,17.0,1.0,0.5,0.0,1.0,1.0,0.67,-2.0,0.33,105.0,2.0,30.2,55.7
389,Armenia,M,29.0,0.0,1.0,0.0,1.0,2.0,0.33,-3.0,0.0,288.0,2.0,29.9,56.4
390,Armenia,M,29.0,0.0,1.0,0.0,1.0,2.0,0.33,-3.0,0.0,281.0,2.0,30.2,55.8
391,Armenia,M,29.0,0.0,1.0,0.0,1.0,3.0,0.0,-3.0,0.0,316.0,3.0,30.3,55.6
392,Armenia,M,29.0,0.0,1.0,0.0,1.0,3.0,0.0,-3.0,0.0,281.0,2.0,30.5,54.2
393,Armenia,M,29.0,0.0,1.0,0.0,1.0,2.0,0.33,-3.0,0.0,14.0,1.0,30.2,55.7
394,Manizales,F,21.0,1.0,0.5,0.0,1.0,-1.0,0.67,1.0,0.67,1383.0,5.0,23.8,61.8
395,Manizales,F,21.0,2.0,0.0,-1.0,0.5,0.0,1.0,0.0,1.0,1320.0,5.0,24.1,63.7
396,Manizales,F,21.0,1.0,0.5,-2.0,0.0,0.0,1.0,0.0,1.0,1389.0,5.0,24.1,64.7
397,Manizales,F,21.0,0.0,1.0,0.0,1.0,0.0,1.0,-1.0,0.67,1553.0,5.0,24.1,65.2
398,Manizales,F,21.0,0.0,1.0,0.0,1.0,1.0,0.67,-1.0,0.67,1297.0,5.0,24.3,64.1
399,Manizales,F,21.0,0.0,1.0,0.0,1.0,1.0,0.67,-1.0,0.67,1395.0,5.0,24.7,62.4
400,Manizales,F,30.0,0.0,1.0,0.0,1.0,1.0,0.67,-1.0,0.67,817.0,4.0,23.8,61.8
401,Manizales,F,30.0,0.0,1.0,0.0,1.0,1.0,0.67,-1.0,0.67,778.0,4.0,24.1,63.7
402,Manizales,F,30.0,0.0,1.0,-1.0,0.5,1.0,0.67,-1.0,0.67,761.0,4.0,24.1,64.7
403,Manizales,F,30.0,0.0,1.0,-1.0,0.5,1.0,0.67,-1.0,0.67,878.0,4.0,24.1,65.2
404,Manizales,F,30.0,0.0,1.0,0.0,1.0,1.0,0.67,-1.0,0.67,756.0,4.0,24.3,64.1
405,Manizales,F,30.0,0.0,1.0,0.0,1.0,1.0,0.67,-1.0,0.67,822.0,4.0,24.7,62.4
406,Manizales,F,23.0,0.0,1.0,0.0,1.0,0.0,1.0,0.0,1.0,389.0,3.0,23.8,61.8
407,Manizales,F,23.0,0.0,1.0,0.0,1.0,0.0,1.0,0.0,1.0,381.0,3.0,24.1,63.7
408,Manizales,F,23.0,0.0,1.0,0.0,1.0,0.0,1.0,0.0,1.0,344.0,3.0,24.1,64.7
409,Manizales,F,23.0,0.0,1.0,0.0,1.0,0.0,1.0,0.0,1.0,406.0,3.0,24.1,65.2
410,Manizales,F,23.0,0.0,1.0,0.0,1.0,0.0,1.0,0.0,1.0,360.0,3.0,24.3,64.1
411,Manizales,F,23.0,0.0,1.0,0.0,1.0,0.0,1.0,0.0,1.0,377.0,3.0,24.7,62.4
412,Manizales,F,20.0,0.0,1.0,1.0,0.5,0.0,1.0,0.0,1.0,1738.0,5.0,23.8,61.8
413,Manizales,F,20.0,0.0,1.0,0.0,1.0,0.0,1.0,0.0,1.0,1641.0,5.0,24.1,63.7
414,Manizales,F,20.0,0.0,1.0,0.0,1.0,0.0,1.0,0.0,1.0,1567.0,5.0,24.1,64.7
415,Manizales,F,20.0,0.0,1.0,0.0,1.0,0.0,1.0,0.0,1.0,1637.0,5.0,24.1,65.2
416,Manizales,F,20.0,0.0,1.0,0.0,1.0,0.0,1.0,0.0,1.0,1432.0,5.0,24.3,64.1
417,Manizales,F,20.0,0.0,1.0,0.0,1.0,0.0,1.0,0.0,1.0,1386.0,5.0,24.7,62.4
418,Manizales,F,21.0,1.0,0.5,1.0,0.5,0.0,1.0,0.0,1.0,813.0,4.0,23.8,61.8
419,Manizales,F,21.0,0.0,1.0,-1.0,0.5,0.0,1.0,0.0,1.0,780.0,4.0,24.1,63.7
420,Manizales,F,21.0,0.0,1.0,-1.0,0.5,0.0,1.0,0.0,1.0,738.0,4.0,24.1,64.7
421,Manizales,F,21.0,0.0,1.0,-1.0,0.5,0.0,1.0,0.0,1.0,796.0,4.0,24.1,65.2
422,Manizales,F,21.0,0.0,1.0,-1.0,0.5,0.0,1.0,0.0,1.0,663.0,4.0,24.7,62.4
423,Manizales,M,24.0,1.0,0.5,0.0,1.0,-1.0,0.67,0.0,1.0,565.0,4.0,23.8,61.8
424,Manizales,M,24.0,1.0,0.5,0.0,1.0,-1.0,0.67,0.0,1.0,556.0,4.0,24.1,63.7
425,Manizales,M,24.0,1.0,0.5,0.0,1.0,-1.0,0.67,0.0,1.0,521.0,4.0,24.1,64.7
426,Manizales,M,24.0,1.0,0.5,0.0,1.0,-1.0,0.67,0.0,1.0,582.0,4.0,24.1,65.2
427,Manizales,M,24.0,1.0,0.5,0.0,1.0,-1.0,0.67,0.0,1.0,508.0,4.0,24.3,64.1
428,Manizales,M,24.0,1.0,0.5,0.0,1.0,-1.0,0.67,0.0,1.0,504.0,4.0,24.7,62.4
429,Manizales,F,22.0,0.0,1.0,0.0,1.0,0.0,1.0,-1.0,0.67,2612.0,5.0,23.8,61.8
430,Manizales,F,22.0,-1.0,0.5,-1.0,0.5,1.0,0.67,-2.0,0.33,2756.0,5.0,24.1,63.7
431,Manizales,F,22.0,2.0,0.0,-2.0,0.0,3.0,0.0,-3.0,0.0,2383.0,5.0,24.1,64.7
432,Manizales,F,22.0,1.0,0.5,0.0,1.0,-2.0,0.33,2.0,0.33,2178.0,5.0,24.3,64.1
433,Manizales,F,22.0,-1.0,0.5,0.0,1.0,0.0,1.0,0.0,1.0,1926.0,5.0,24.7,62.4
434,Manizales,M,22.0,0.0,1.0,0.0,1.0,0.0,1.0,0.0,1.0,958.0,4.0,23.8,61.8
435,Manizales,M,22.0,0.0,1.0,0.0,1.0,0.0,1.0,0.0,1.0,911.0,4.0,24.1,63.7
436,Manizales,M,22.0,0.0,1.0,0.0,1.0,0.0,1.0,0.0,1.0,947.0,4.0,24.1,64.7
437,Manizales,M,22.0,0.0,1.0,0.0,1.0,0.0,1.0,0.0,1.0,855.0,4.0,24.3,64.1
438,Manizales,M,22.0,0.0,1.0,0.0,1.0,0.0,1.0,0.0,1.0,824.0,4.0,24.7,62.4
439,Manizales,M,23.0,0.0,1.0,1.0,0.5,0.0,1.0,1.0,0.67,654.0,4.0,23.8,61.8
440,Manizales,M,23.0,0.0,1.0,1.0,0.5,-1.0,0.67,1.0,0.67,634.0,4.0,24.1,63.7
441,Manizales,M,23.0,0.0,1.0,0.0,1.0,0.0,1.0,1.0,0.67,628.0,4.0,24.1,64.7
442,Manizales,M,23.0,0.0,1.0,0.0,1.0,0.0,1.0,1.0,0.67,647.0,4.0,24.1,65.2
443,Manizales,M,23.0,0.0,1.0,0.0,1.0,0.0,1.0,0.0,1.0,583.0,4.0,24.3,64.1
444,Manizales,M,23.0,0.0,1.0,0.0,1.0,0.0,1.0,0.0,1.0,537.0,4.0,24.7,62.4
445,Manizales,F,24.0,0.0,1.0,0.0,1.0,0.0,1.0,0.0,1.0,283.0,2.0,23.8,61.8
446,Manizales,F,24.0,0.0,1.0,0.0,1.0,0.0,1.0,0.0,1.0,267.0,2.0,24.1,63.7
447,Manizales,F,24.0,0.0,1.0,0.0,1.0,0.0,1.0,-1.0,0.67,251.0,2.0,24.1,64.7
448,Manizales,F,24.0,0.0,1.0,0.0,1.0,0.0,1.0,0.0,1.0,291.0,2.0,24.1,65.2
449,Manizales,F,24.0,0.0,1.0,0.0,1.0,1.0,0.67,-1.0,0.67,251.0,2.0,24.3,64.1
450,Manizales,F,24.0,0.0,1.0,0.0,1.0,0.0,1.0,0.0,1.0,267.0,2.0,24.7,62.4
451,Manizales,M,26.0,0.0,1.0,1.0,0.5,0.0,1.0,0.0,1.0,245.0,2.0,23.8,61.8
452,Manizales,M,26.0,0.0,1.0,1.0,0.5,0.0,1.0,0.0,1.0,252.0,2.0,24.1,63.7
453,Manizales,M,26.0,0.0,1.0,1.0,0.5,0.0,1.0,0.0,1.0,229.0,2.0,24.1,64.7
454,Manizales,M,26.0,0.0,1.0,1.0,0.5,0.0,1.0,0.0,1.0,245.0,2.0,24.1,65.2
455,Manizales,M,26.0,0.0,1.0,1.0,0.5,0.0,1.0,0.0,1.0,237.0,2.0,24.3,64.1
456,Manizales,M,26.0,0.0,1.0,1.0,0.5,0.0,1.0,0.0,1.0,245.0,2.0,24.7,62.4
457,Manizales,M,23.0,0.0,1.0,1.0,0.5,0.0,1.0,0.0,1.0,344.0,3.0,23.8,61.8
458,Manizales,M,23.0,0.0,1.0,1.0,0.5,0.0,1.0,0.0,1.0,337.0,3.0,24.1,63.7
459,Manizales,M,23.0,0.0,1.0,1.0,0.5,-1.0,0.67,1.0,0.67,344.0,3.0,24.1,64.7
460,Manizales,M,23.0,0.0,1.0,1.0,0.5,0.0,1.0,0.0,1.0,372.0,3.0,24.1,65.2
461,Manizales,M,23.0,0.0,1.0,1.0,0.5,0.0,1.0,0.0,1.0,316.0,3.0,24.3,64.1
462,Manizales,M,23.0,0.0,1.0,1.0,0.5,0.0,1.0,0.0,1.0,295.0,2.0,24.7,62.4
463,Manizales,F,21.0,1.0,0.5,0.0,1.0,3.0,0.0,-3.0,0.0,543.0,4.0,27.3,54.8
464,Manizales,F,21.0,0.0,1.0,0.0,1.0,0.0,1.0,0.0,1.0,582.0,4.0,27.0,50.0
465,Manizales,F,21.0,0.0,1.0,0.0,1.0,0.0,1.0,0.0,1.0,565.0,4.0,27.0,50.2
466,Manizales,F,21.0,0.0,1.0,0.0,1.0,0.0,1.0,0.0,1.0,548.0,4.0,27.1,49.2
467,Manizales,F,21.0,0.0,1.0,0.0,1.0,0.0,1.0,0.0,1.0,492.0,3.0,26.5,49.7
468,Manizales,F,21.0,0.0,1.0,1.0,0.5,1.0,0.67,-1.0,0.67,295.0,2.0,27.3,54.8
469,Manizales,F,21.0,0.0,1.0,1.0,0.5,1.0,0.67,-1.0,0.67,315.0,3.0,27.0,50.0
470,Manizales,F,21.0,1.0,0.5,1.0,0.5,0.0,1.0,0.0,1.0,315.0,3.0,27.0,50.2
471,Manizales,F,21.0,0.0,1.0,1.0,0.5,0.0,1.0,0.0,1.0,299.0,2.0,27.1,49.2
472,Manizales,F,21.0,0.0,1.0,1.0,0.5,0.0,1.0,0.0,1.0,279.0,2.0,26.5,49.7
473,Manizales,F,22.0,2.0,0.0,0.0,1.0,3.0,0.0,-1.0,0.67,930.0,4.0,27.3,54.8
474,Manizales,F,22.0,2.0,0.0,0.0,1.0,2.0,0.33,-1.0,0.67,930.0,4.0,27.0,50.0
475,Manizales,F,22.0,1.0,0.5,0.0,1.0,2.0,0.33,-1.0,0.67,877.0,4.0,27.0,50.2
476,Manizales,F,22.0,1.0,0.5,0.0,1.0,0.0,1.0,-1.0,0.67,844.0,4.0,27.1,49.2
477,Manizales,F,22.0,0.0,1.0,0.0,1.0,1.0,0.67,-1.0,0.67,810.0,4.0,26.5,49.7
478,Manizales,M,22.0,1.0,0.5,0.0,1.0,3.0,0.0,-2.0,0.33,481.0,3.0,27.3,54.8
479,Manizales,M,22.0,0.0,1.0,0.0,1.0,2.0,0.33,-2.0,0.33,510.0,4.0,27.0,50.0
480,Manizales,M,22.0,1.0,0.5,0.0,1.0,2.0,0.33,-2.0,0.33,497.0,3.0,27.0,50.2
481,Manizales,M,22.0,0.0,1.0,0.0,1.0,1.0,0.67,-1.0,0.67,472.0,3.0,27.1,49.2
482,Manizales,M,22.0,0.0,1.0,0.0,1.0,0.0,1.0,-1.0,0.67,439.0,3.0,26.5,49.7
483,Manizales,F,23.0,0.0,1.0,2.0,0.0,0.0,1.0,0.0,1.0,376.0,3.0,27.3,54.8
484,Manizales,F,23.0,1.0,0.5,2.0,0.0,1.0,0.67,-1.0,0.67,385.0,3.0,27.0,50.0
485,Manizales,F,23.0,1.0,0.5,2.0,0.0,-1.0,0.67,1.0,0.67,385.0,3.0,27.0,50.2
486,Manizales,F,23.0,1.0,0.5,2.0,0.0,-2.0,0.33,2.0,0.33,354.0,3.0,27.1,49.2
487,Manizales,F,23.0,-1.0,0.5,2.0,0.0,-2.0,0.33,2.0,0.33,322.0,3.0,26.5,49.7
488,Manizales,M,25.0,0.0,1.0,1.0,0.5,2.0,0.33,-2.0,0.33,969.0,4.0,27.3,54.8
489,Manizales,M,25.0,-1.0,0.5,2.0,0.0,1.0,0.67,-2.0,0.33,908.0,4.0,27.0,50.0
490,Manizales,M,25.0,0.0,1.0,2.0,0.0,1.0,0.67,-2.0,0.33,884.0,4.0,27.0,50.2
491,Manizales,M,25.0,0.0,1.0,2.0,0.0,0.0,1.0,-1.0,0.67,824.0,4.0,27.1,49.2
492,Manizales,M,25.0,0.0,1.0,2.0,0.0,0.0,1.0,-1.0,0.67,824.0,4.0,26.5,49.7
493,Manizales,M,26.0,0.0,1.0,1.0,0.5,1.0,0.67,-1.0,0.67,536.0,4.0,27.3,54.8
494,Manizales,M,26.0,-1.0,0.5,2.0,0.0,1.0,0.67,-1.0,0.67,531.0,4.0,27.0,50.0
495,Manizales,M,26.0,-1.0,0.5,1.0,0.5,1.0,0.67,-1.0,0.67,515.0,4.0,27.0,50.2
496,Manizales,M,26.0,-1.0,0.5,2.0,0.0,0.0,1.0,-1.0,0.67,490.0,3.0,27.1,49.2
497,Manizales,M,26.0,-1.0,0.5,1.0,0.5,0.0,1.0,-1.0,0.67,433.0,3.0,26.5,49.7
498,Manizales,F,23.0,0.0,1.0,0.0,1.0,0.0,1.0,0.0,1.0,355.0,3.0,27.3,54.8
499,Manizales,F,23.0,0.0,1.0,0.0,1.0,-1.0,0.67,1.0,0.67,394.0,3.0,27.0,50.0
500,Manizales,F,23.0,0.0,1.0,1.0,0.5,-1.0,0.67,1.0,0.67,355.0,3.0,27.0,50.2
501,Manizales,F,23.0,0.0,1.0,1.0,0.5,-1.0,0.67,1.0,0.67,426.0,3.0,27.1,49.2
502,Manizales,F,23.0,0.0,1.0,2.0,0.0,-2.0,0.33,1.0,0.67,242.0,2.0,26.5,49.7
503,Manizales,M,21.0,0.0,1.0,0.0,1.0,1.0,0.67,-1.0,0.67,157.0,2.0,27.3,54.8
504,Manizales,M,21.0,0.0,1.0,0.0,1.0,2.0,0.33,-1.0,0.67,173.0,2.0,27.0,50.0
505,Manizales,M,21.0,1.0,0.5,0.0,1.0,2.0,0.33,-1.0,0.67,157.0,2.0,27.0,50.2
506,Manizales,M,21.0,0.0,1.0,0.0,1.0,2.0,0.33,-2.0,0.33,149.0,2.0,27.1,49.2
507,Manizales,M,21.0,0.0,1.0,0.0,1.0,2.0,0.33,-1.0,0.67,134.0,2.0,26.5,49.7
508,Manizales,M,23.0,1.0,0.5,0.0,1.0,1.0,0.67,-1.0,0.67,191.0,2.0,27.3,54.8
509,Manizales,M,23.0,1.0,0.5,0.0,1.0,0.0,1.0,0.0,1.0,198.0,2.0,27.0,50.0
510,Manizales,M,23.0,0.0,1.0,0.0,1.0,0.0,1.0,0.0,1.0,198.0,2.0,27.0,50.2
511,Manizales,M,23.0,0.0,1.0,1.0,0.5,0.0,1.0,-1.0,0.67,175.0,2.0,27.1,49.2
512,Manizales,M,23.0,0.0,1.0,1.0,0.5,0.0,1.0,-1.0,0.67,144.0,2.0,26.5,49.7
513,Manizales,M,24.0,0.0,1.0,0.0,1.0,1.0,0.67,-1.0,0.67,183.0,2.0,27.3,54.8
514,Manizales,M,24.0,0.0,1.0,0.0,1.0,1.0,0.67,-1.0,0.67,239.0,2.0,27.0,50.0
515,Manizales,M,24.0,0.0,1.0,0.0,1.0,1.0,0.67,-1.0,0.67,211.0,2.0,27.0,50.2
516,Manizales,M,24.0,0.0,1.0,0.0,1.0,0.0,1.0,0.0,1.0,246.0,2.0,27.1,49.2
517,Manizales,M,24.0,0.0,1.0,0.0,1.0,0.0,1.0,0.0,1.0,133.0,2.0,26.5,49.7
518,Manizales,M,25.0,1.0,0.5,-1.0,0.5,2.0,0.33,-2.0,0.33,1135.0,5.0,23.6,63.2
519,Manizales,M,25.0,0.0,1.0,-1.0,0.5,1.0,0.67,-1.0,0.67,857.0,4.0,24.1,62.7
520,Manizales,M,25.0,0.0,1.0,-1.0,0.5,0.0,1.0,-1.0,0.67,1147.0,5.0,24.6,62.1
521,Manizales,M,25.0,-1.0,0.5,0.0,1.0,0.0,1.0,-1.0,0.67,1036.0,5.0,25.2,60.5
522,Manizales,M,25.0,0.0,1.0,0.0,1.0,0.0,1.0,0.0,1.0,1182.0,5.0,25.5,59.8
523,Manizales,M,25.0,0.0,1.0,0.0,1.0,0.0,1.0,-1.0,0.67,169.0,2.0,23.6,63.2
524,Manizales,M,25.0,0.0,1.0,0.0,1.0,1.0,0.67,-2.0,0.33,175.0,2.0,24.1,62.7
525,Manizales,M,25.0,0.0,1.0,0.0,1.0,1.0,0.67,-2.0,0.33,122.0,2.0,24.6,62.1
526,Manizales,M,25.0,0.0,1.0,0.0,1.0,0.0,1.0,-2.0,0.33,157.0,2.0,25.2,60.5
527,Manizales,M,25.0,0.0,1.0,0.0,1.0,0.0,1.0,-1.0,0.67,140.0,2.0,25.5,59.8
528,Manizales,F,20.0,0.0,1.0,0.0,1.0,0.0,1.0,0.0,1.0,264.0,2.0,23.6,63.2
529,Manizales,F,20.0,0.0,1.0,0.0,1.0,0.0,1.0,0.0,1.0,244.0,2.0,24.1,62.7
530,Manizales,F,20.0,0.0,1.0,0.0,1.0,0.0,1.0,0.0,1.0,352.0,3.0,24.6,62.1
531,Manizales,F,20.0,1.0,0.5,0.0,1.0,0.0,1.0,0.0,1.0,311.0,3.0,25.2,60.5
532,Manizales,F,20.0,1.0,0.5,0.0,1.0,0.0,1.0,0.0,1.0,344.0,3.0,25.5,59.8
533,Manizales,F,21.0,2.0,0.0,-1.0,0.5,0.0,1.0,0.0,1.0,1153.0,5.0,23.6,63.2
534,Manizales,F,21.0,0.0,1.0,0.0,1.0,0.0,1.0,0.0,1.0,1100.0,5.0,24.1,62.7
535,Manizales,F,21.0,1.0,0.5,-1.0,0.5,0.0,1.0,0.0,1.0,1559.0,5.0,24.6,62.1
536,Manizales,F,21.0,2.0,0.0,-1.0,0.5,0.0,1.0,0.0,1.0,1317.0,5.0,25.2,60.5
537,Manizales,F,21.0,0.0,1.0,0.0,1.0,-1.0,0.67,0.0,1.0,1490.0,5.0,25.5,59.8
538,Manizales,F,22.0,2.0,0.0,-2.0,0.0,0.0,1.0,0.0,1.0,210.0,2.0,23.6,63.2
539,Manizales,F,22.0,1.0,0.5,-1.0,0.5,0.0,1.0,0.0,1.0,230.0,2.0,24.1,62.7
540,Manizales,F,22.0,1.0,0.5,-1.0,0.5,0.0,1.0,0.0,1.0,169.0,2.0,24.6,62.1
541,Manizales,F,22.0,0.0,1.0,-1.0,0.5,0.0,1.0,0.0,1.0,206.0,2.0,25.2,60.5
542,Manizales,F,22.0,1.0,0.5,-1.0,0.5,0.0,1.0,0.0,1.0,185.0,2.0,25.5,59.8
543,Manizales,F,25.0,1.0,0.5,-1.0,0.5,0.0,1.0,0.0,1.0,358.0,3.0,23.6,63.2
544,Manizales,F,25.0,1.0,0.5,-1.0,0.5,0.0,1.0,0.0,1.0,345.0,3.0,24.1,62.7
545,Manizales,F,25.0,1.0,0.5,-1.0,0.5,0.0,1.0,0.0,1.0,495.0,3.0,24.6,62.1
546,Manizales,F,25.0,0.0,1.0,0.0,1.0,0.0,1.0,-1.0,0.67,460.0,3.0,25.2,60.5
547,Manizales,F,25.0,1.0,0.5,-1.0,0.5,0.0,1.0,0.0,1.0,499.0,3.0,25.5,59.8
548,Manizales,M,22.0,0.0,1.0,-1.0,0.5,-1.0,0.67,1.0,0.67,1144.0,5.0,23.6,63.2
549,Manizales,M,22.0,0.0,1.0,-1.0,0.5,0.0,1.0,1.0,0.67,1314.0,5.0,24.1,62.7
550,Manizales,M,22.0,0.0,1.0,0.0,1.0,-1.0,0.67,1.0,0.67,1729.0,5.0,24.6,62.1
551,Manizales,M,22.0,0.0,1.0,1.0,0.5,-1.0,0.67,1.0,0.67,1393.0,5.0,25.2,60.5
552,Manizales,M,22.0,0.0,1.0,2.0,0.0,-1.0,0.67,2.0,0.33,490.0,3.0,23.6,63.2
553,Manizales,M,22.0,0.0,1.0,2.0,0.0,0.0,1.0,2.0,0.33,510.0,4.0,24.1,62.7
554,Manizales,M,22.0,0.0,1.0,1.0,0.5,0.0,1.0,2.0,0.33,392.0,3.0,24.6,62.1
555,Manizales,M,22.0,0.0,1.0,2.0,0.0,0.0,1.0,2.0,0.33,464.0,3.0,25.2,60.5
556,Manizales,M,22.0,0.0,1.0,2.0,0.0,1.0,0.67,2.0,0.33,397.0,3.0,25.5,59.8
557,Manizales,F,20.0,1.0,0.5,0.0,1.0,1.0,0.67,-1.0,0.67,374.0,3.0,23.6,63.2
558,Manizales,F,20.0,1.0,0.5,0.0,1.0,2.0,0.33,-2.0,0.33,400.0,3.0,24.1,62.7
559,Manizales,F,20.0,2.0,0.0,-1.0,0.5,2.0,0.33,-2.0,0.33,537.0,4.0,24.6,62.1
560,Manizales,F,20.0,2.0,0.0,-1.0,0.5,2.0,0.33,-2.0,0.33,485.0,3.0,25.2,60.5
561,Manizales,F,20.0,2.0,0.0,-1.0,0.5,2.0,0.33,-2.0,0.33,524.0,4.0,25.5,59.8
562,Manizales,F,19.0,0.0,1.0,0.0,1.0,0.0,1.0,0.0,1.0,134.0,2.0,23.6,63.2
563,Manizales,F,19.0,0.0,1.0,0.0,1.0,-1.0,0.67,0.0,1.0,126.0,2.0,24.1,62.7
564,Manizales,F,19.0,1.0,0.5,0.0,1.0,0.0,1.0,0.0,1.0,259.0,2.0,24.6,62.1
565,Manizales,F,19.0,0.0,1.0,0.0,1.0,0.0,1.0,0.0,1.0,212.0,2.0,25.2,60.5
566,Manizales,F,19.0,0.0,1.0,0.0,1.0,0.0,1.0,1.0,0.67,251.0,2.0,25.5,59.8
567,Manizales,F,23.0,0.0,1.0,2.0,0.0,0.0,1.0,0.0,1.0,51.0,1.0,23.6,63.2
568,Manizales,F,23.0,0.0,1.0,2.0,0.0,0.0,1.0,0.0,1.0,82.0,1.0,24.1,62.7
569,Manizales,F,23.0,0.0,1.0,2.0,0.0,0.0,1.0,0.0,1.0,51.0,1.0,24.6,62.1
570,Manizales,F,23.0,0.0,1.0,2.0,0.0,0.0,1.0,0.0,1.0,75.0,1.0,25.2,60.5
571,Manizales,F,23.0,-1.0,0.5,2.0,0.0,0.0,1.0,0.0,1.0,67.0,1.0,25.5,59.8
572,Manizales,F,23.0,0.0,1.0,-1.0,0.5,0.0,1.0,0.0,1.0,140.0,2.0,23.6,63.2
573,Manizales,F,23.0,-2.0,0.0,1.0,0.5,0.0,1.0,0.0,1.0,147.0,2.0,24.1,62.7
574,Manizales,F,23.0,0.0,1.0,-1.0,0.5,2.0,0.33,-3.0,0.0,267.0,2.0,24.6,62.1
575,Manizales,F,23.0,-2.0,0.0,0.0,1.0,2.0,0.33,-3.0,0.0,211.0,2.0,25.2,60.5
576,Manizales,F,23.0,0.0,1.0,0.0,1.0,0.0,1.0,-2.0,0.33,246.0,2.0,25.5,59.8
577,Manizales,M,20.0,0.0,1.0,1.0,0.5,1.0,0.67,-1.0,0.67,128.0,2.0,25.9,58.8
578,Manizales,M,20.0,-1.0,0.5,1.0,0.5,0.0,1.0,0.0,1.0,104.0,2.0,25.5,58.9
579,Manizales,M,20.0,0.0,1.0,0.0,1.0,0.0,1.0,0.0,1.0,104.0,2.0,24.9,60.5
580,Manizales,M,20.0,0.0,1.0,0.0,1.0,0.0,1.0,0.0,1.0,93.0,1.0,24.9,62.5
581,Manizales,M,20.0,-1.0,0.5,1.0,0.5,0.0,1.0,0.0,1.0,554.0,4.0,24.2,64.1
582,Manizales,F,22.0,0.0,1.0,0.0,1.0,1.0,0.67,-1.0,0.67,271.0,2.0,25.9,58.8
583,Manizales,F,22.0,0.0,1.0,0.0,1.0,0.0,1.0,0.0,1.0,233.0,2.0,25.5,58.9
584,Manizales,F,22.0,0.0,1.0,0.0,1.0,0.0,1.0,0.0,1.0,221.0,2.0,24.9,60.5
585,Manizales,F,22.0,0.0,1.0,0.0,1.0,0.0,1.0,0.0,1.0,213.0,2.0,24.9,62.5
586,Manizales,F,22.0,1.0,0.5,0.0,1.0,0.0,1.0,0.0,1.0,172.0,2.0,24.2,64.1
587,Manizales,F,22.0,0.0,1.0,0.0,1.0,0.0,1.0,0.0,1.0,915.0,4.0,25.9,58.8
588,Manizales,F,22.0,0.0,1.0,0.0,1.0,0.0,1.0,0.0,1.0,601.0,4.0,25.5,58.9
589,Manizales,F,22.0,-1.0,0.5,1.0,0.5,0.0,1.0,0.0,1.0,642.0,4.0,24.9,60.5
590,Manizales,F,22.0,0.0,1.0,0.0,1.0,0.0,1.0,0.0,1.0,421.0,3.0,24.2,64.1
591,Manizales,F,23.0,-1.0,0.5,0.0,1.0,1.0,0.67,-1.0,0.67,181.0,2.0,25.9,58.8
592,Manizales,F,23.0,-1.0,0.5,0.0,1.0,1.0,0.67,-3.0,0.0,144.0,2.0,25.5,58.9
593,Manizales,F,23.0,-1.0,0.5,1.0,0.5,2.0,0.33,-2.0,0.33,144.0,2.0,24.9,60.5
594,Manizales,F,23.0,-1.0,0.5,2.0,0.0,0.0,1.0,-2.0,0.33,136.0,2.0,24.9,62.5
595,Manizales,M,20.0,0.0,1.0,0.0,1.0,1.0,0.67,-2.0,0.33,349.0,3.0,25.9,58.8
596,Manizales,M,20.0,0.0,1.0,0.0,1.0,0.0,1.0,0.0,1.0,251.0,2.0,25.5,58.9
597,Manizales,M,20.0,0.0,1.0,0.0,1.0,0.0,1.0,-1.0,0.67,224.0,2.0,24.9,60.5
598,Manizales,M,20.0,0.0,1.0,0.0,1.0,0.0,1.0,0.0,1.0,210.0,2.0,24.9,62.5
599,Manizales,M,20.0,-1.0,0.5,0.0,1.0,0.0,1.0,0.0,1.0,160.0,2.0,24.2,64.1
600,Manizales,F,21.0,1.0,0.5,1.0,0.5,1.0,0.67,-1.0,0.67,394.0,3.0,25.9,58.8
601,Manizales,F,21.0,1.0,0.5,1.0,0.5,0.0,1.0,0.0,1.0,269.0,2.0,25.5,58.9
602,Manizales,F,21.0,0.0,1.0,1.0,0.5,0.0,1.0,0.0,1.0,236.0,2.0,24.9,60.5
603,Manizales,F,21.0,0.0,1.0,1.0,0.5,0.0,1.0,0.0,1.0,203.0,2.0,24.9,62.5
604,Manizales,F,21.0,-1.0,0.5,1.0,0.5,-2.0,0.33,1.0,0.67,143.0,2.0,24.2,64.1
605,Manizales,F,21.0,0.0,1.0,0.0,1.0,0.0,1.0,0.0,1.0,51.0,1.0,25.9,58.8
606,Manizales,F,21.0,0.0,1.0,0.0,1.0,0.0,1.0,0.0,1.0,28.0,1.0,25.5,58.9
607,Manizales,F,21.0,-1.0,0.5,2.0,0.0,0.0,1.0,0.0,1.0,20.0,1.0,24.9,60.5
608,Manizales,F,21.0,-1.0,0.5,2.0,0.0,0.0,1.0,0.0,1.0,20.0,1.0,24.9,62.5
609,Manizales,F,21.0,-1.0,0.5,2.0,0.0,0.0,1.0,0.0,1.0,190.0,2.0,24.2,64.1
610,Manizales,F,19.0,0.0,1.0,1.0,0.5,1.0,0.67,0.0,1.0,42.0,1.0,24.9,62.5
611,Manizales,F,19.0,0.0,1.0,1.0,0.5,-1.0,0.67,0.0,1.0,0.0,1.0,24.2,64.1
612,Manizales,M,26.0,-1.0,0.5,2.0,0.0,0.0,1.0,0.0,1.0,53.0,1.0,21.2,72.3
613,Manizales,M,26.0,-1.0,0.5,1.0,0.5,0.0,1.0,-1.0,0.67,53.0,1.0,21.7,72.0
614,Manizales,M,26.0,-1.0,0.5,2.0,0.0,0.0,1.0,-1.0,0.67,79.0,1.0,21.9,71.4
615,Manizales,M,26.0,-1.0,0.5,1.0,0.5,0.0,1.0,0.0,1.0,123.0,2.0,21.9,70.0
616,Manizales,M,26.0,-1.0,0.5,1.0,0.5,0.0,1.0,0.0,1.0,180.0,2.0,21.9,69.7
617,Manizales,M,22.0,-1.0,0.5,1.0,0.5,-1.0,0.67,1.0,0.67,10.0,1.0,21.2,72.3
618,Manizales,M,22.0,-1.0,0.5,1.0,0.5,0.0,1.0,1.0,0.67,10.0,1.0,21.7,72.0
619,Manizales,M,22.0,-1.0,0.5,1.0,0.5,-1.0,0.67,1.0,0.67,10.0,1.0,21.9,71.4
620,Manizales,M,22.0,-1.0,0.5,1.0,0.5,-1.0,0.67,1.0,0.67,10.0,1.0,21.9,70.0
621,Manizales,M,22.0,-1.0,0.5,1.0,0.5,-1.0,0.67,1.0,0.67,10.0,1.0,21.9,69.7
622,Manizales,M,24.0,-1.0,0.5,2.0,0.0,0.0,1.0,0.0,1.0,154.0,2.0,21.2,72.3
623,Manizales,M,24.0,-1.0,0.5,2.0,0.0,0.0,1.0,0.0,1.0,125.0,2.0,21.7,72.0
624,Manizales,M,24.0,-1.0,0.5,2.0,0.0,0.0,1.0,0.0,1.0,129.0,2.0,21.9,71.4
625,Manizales,M,24.0,-2.0,0.0,1.0,0.5,0.0,1.0,0.0,1.0,154.0,2.0,21.9,70.0
626,Manizales,M,24.0,-1.0,0.5,1.0,0.5,0.0,1.0,0.0,1.0,147.0,2.0,21.9,69.7
627,Manizales,F,21.0,0.0,1.0,0.0,1.0,-2.0,0.33,2.0,0.33,121.0,2.0,21.2,72.3
628,Manizales,F,21.0,0.0,1.0,0.0,1.0,-2.0,0.33,2.0,0.33,114.0,2.0,21.7,72.0
629,Manizales,F,21.0,0.0,1.0,0.0,1.0,-2.0,0.33,2.0,0.33,154.0,2.0,21.9,71.4
630,Manizales,F,21.0,0.0,1.0,0.0,1.0,-2.0,0.33,2.0,0.33,190.0,2.0,21.9,70.0
631,Manizales,F,21.0,-1.0,0.5,1.0,0.5,-2.0,0.33,2.0,0.33,245.0,2.0,21.9,69.7
632,Manizales,F,22.0,-1.0,0.5,2.0,0.0,-1.0,0.67,0.0,1.0,22.0,1.0,21.2,72.3
633,Manizales,F,22.0,-1.0,0.5,2.0,0.0,-2.0,0.33,1.0,0.67,22.0,1.0,21.7,72.0
634,Manizales,F,22.0,0.0,1.0,2.0,0.0,-1.0,0.67,0.0,1.0,22.0,1.0,21.9,71.4
635,Manizales,F,22.0,0.0,1.0,1.0,0.5,0.0,1.0,1.0,0.67,22.0,1.0,21.9,70.0
636,Manizales,F,22.0,-1.0,0.5,2.0,0.0,-1.0,0.67,1.0,0.67,22.0,1.0,21.9,69.7
637,Manizales,F,21.0,-1.0,0.5,2.0,0.0,-2.0,0.33,0.0,1.0,37.0,1.0,21.2,72.3
638,Manizales,F,21.0,-1.0,0.5,2.0,0.0,0.0,1.0,0.0,1.0,23.0,1.0,21.7,72.0
639,Manizales,F,21.0,0.0,1.0,0.0,1.0,0.0,1.0,0.0,1.0,28.0,1.0,21.9,71.4
640,Manizales,F,21.0,0.0,1.0,0.0,1.0,0.0,1.0,0.0,1.0,55.0,1.0,21.9,70.0
641,Manizales,F,21.0,0.0,1.0,0.0,1.0,0.0,1.0,0.0,1.0,60.0,1.0,21.9,69.7
642,Manizales,M,20.0,0.0,1.0,0.0,1.0,-2.0,0.33,2.0,0.33,116.0,2.0,21.2,72.3
643,Manizales,M,20.0,0.0,1.0,1.0,0.5,-2.0,0.33,2.0,0.33,110.0,2.0,21.7,72.0
644,Manizales,M,20.0,0.0,1.0,1.0,0.5,-1.0,0.67,1.0,0.67,140.0,2.0,21.9,71.4
645,Manizales,M,20.0,-1.0,0.5,1.0,0.5,-1.0,0.67,1.0,0.67,170.0,2.0,21.9,70.0
646,Manizales,M,20.0,-1.0,0.5,1.0,0.5,-2.0,0.33,1.0,0.67,217.0,2.0,21.9,69.7
647,Manizales,F,23.0,0.0,1.0,1.0,0.5,-1.0,0.67,1.0,0.67,54.0,1.0,21.2,72.3
648,Manizales,F,23.0,0.0,1.0,1.0,0.5,-1.0,0.67,1.0,0.67,54.0,1.0,21.7,72.0
649,Manizales,F,23.0,0.0,1.0,1.0,0.5,0.0,1.0,1.0,0.67,54.0,1.0,21.9,70.0
650,Manizales,F,23.0,0.0,1.0,1.0,0.5,-1.0,0.67,1.0,0.67,54.0,1.0,21.9,69.7
651,Manizales,M,22.0,0.0,1.0,1.0,0.5,-1.0,0.67,1.0,0.67,36.0,1.0,21.2,72.3
652,Manizales,M,22.0,-1.0,0.5,1.0,0.5,-1.0,0.67,2.0,0.33,36.0,1.0,21.7,72.0
653,Manizales,M,22.0,-1.0,0.5,1.0,0.5,-1.0,0.67,2.0,0.33,42.0,1.0,21.9,71.4
654,Manizales,M,22.0,-1.0,0.5,1.0,0.5,-2.0,0.33,2.0,0.33,56.0,1.0,21.9,70.0
655,Manizales,M,22.0,-1.0,0.5,2.0,0.0,-2.0,0.33,2.0,0.33,63.0,1.0,21.9,69.7
656,Manizales,F,22.0,-1.0,0.5,2.0,0.0,0.0,1.0,1.0,0.67,-47.0,1.0,21.2,72.3
657,Manizales,F,22.0,-1.0,0.5,2.0,0.0,-2.0,0.33,2.0,0.33,-62.0,1.0,21.7,72.0
658,Manizales,F,22.0,-1.0,0.5,2.0,0.0,-2.0,0.33,2.0,0.33,-47.0,1.0,21.9,70.0
659,Manizales,F,22.0,-1.0,0.5,2.0,0.0,-2.0,0.33,2.0,0.33,-47.0,1.0,21.9,69.7
660,Manizales,F,24.0,0.0,1.0,2.0,0.0,0.0,1.0,0.0,1.0,-72.0,1.0,21.2,72.3
661,Manizales,F,24.0,0.0,1.0,2.0,0.0,0.0,1.0,0.0,1.0,-72.0,1.0,21.7,72.0
662,Manizales,F,24.0,0.0,1.0,2.0,0.0,0.0,1.0,0.0,1.0,-72.0,1.0,21.9,71.4
663,Manizales,F,24.0,0.0,1.0,2.0,0.0,0.0,1.0,0.0,1.0,-72.0,1.0,21.9,70.0
664,Manizales,F,24.0,0.0,1.0,2.0,0.0,0.0,1.0,0.0,1.0,-72.0,1.0,21.9,69.7
665,Manizales,F,2.0,-1.0,0.5,1.0,0.5,-1.0,0.67,1.0,0.67,-49.0,1.0,21.2,72.3
666,Manizales,F,2.0,-1.0,0.5,1.0,0.5,0.0,1.0,0.0,1.0,-63.0,1.0,21.7,72.0
667,Manizales,F,2.0,-1.0,0.5,1.0,0.5,0.0,1.0,0.0,1.0,-63.0,1.0,21.9,71.4
668,Manizales,F,2.0,0.0,1.0,1.0,0.5,0.0,1.0,0.0,1.0,-42.0,1.0,21.9,70.0
669,Manizales,F,2.0,0.0,1.0,1.0,0.5,-1.0,0.67,1.0,0.67,-42.0,1.0,21.9,69.7
670,Manizales,F,22.0,0.0,1.0,0.0,1.0,0.0,1.0,0.0,1.0,241.0,2.0,21.7,65.9
671,Manizales,F,22.0,0.0,1.0,0.0,1.0,0.0,1.0,0.0,1.0,234.0,2.0,22.2,64.6
672,Manizales,F,22.0,0.0,1.0,0.0,1.0,0.0,1.0,0.0,1.0,234.0,2.0,22.6,62.4
673,Manizales,F,22.0,0.0,1.0,0.0,1.0,0.0,1.0,0.0,1.0,179.0,2.0,23.0,61.3
674,Manizales,F,28.0,0.0,1.0,0.0,1.0,0.0,1.0,0.0,1.0,226.0,2.0,21.7,65.9
675,Manizales,F,28.0,0.0,1.0,0.0,1.0,0.0,1.0,0.0,1.0,226.0,2.0,22.2,64.6
676,Manizales,F,28.0,0.0,1.0,1.0,0.5,0.0,1.0,0.0,1.0,218.0,2.0,22.6,62.4
677,Manizales,F,28.0,0.0,1.0,0.0,1.0,0.0,1.0,0.0,1.0,177.0,2.0,23.0,61.3
678,Manizales,F,20.0,0.0,1.0,1.0,0.5,-1.0,0.67,0.0,1.0,188.0,2.0,21.7,65.9
679,Manizales,F,20.0,0.0,1.0,1.0,0.5,0.0,1.0,0.0,1.0,192.0,2.0,22.2,64.6
680,Manizales,F,20.0,0.0,1.0,1.0,0.5,0.0,1.0,0.0,1.0,179.0,2.0,22.6,62.4
681,Manizales,F,20.0,0.0,1.0,1.0,0.5,-1.0,0.67,0.0,1.0,142.0,2.0,23.0,61.3
682,Manizales,F,19.0,0.0,1.0,0.0,1.0,0.0,1.0,0.0,1.0,1320.0,5.0,22.2,64.6
683,Manizales,F,19.0,0.0,1.0,0.0,1.0,0.0,1.0,0.0,1.0,1302.0,5.0,22.6,62.4
684,Manizales,F,19.0,0.0,1.0,0.0,1.0,0.0,1.0,0.0,1.0,1096.0,5.0,23.0,61.3
685,Manizales,M,23.0,1.0,0.5,0.0,1.0,0.0,1.0,0.0,1.0,541.0,4.0,21.7,65.9
686,Manizales,M,23.0,1.0,0.5,1.0,0.5,0.0,1.0,0.0,1.0,526.0,4.0,22.2,64.6
687,Manizales,M,23.0,1.0,0.5,1.0,0.5,0.0,1.0,0.0,1.0,485.0,3.0,22.6,62.4
688,Manizales,M,23.0,1.0,0.5,1.0,0.5,-1.0,0.67,1.0,0.67,418.0,3.0,23.0,61.3
689,Manizales,M,23.0,0.0,1.0,0.0,1.0,0.0,1.0,-1.0,0.67,295.0,2.0,21.7,65.9
690,Manizales,M,23.0,0.0,1.0,0.0,1.0,0.0,1.0,0.0,1.0,289.0,2.0,22.2,64.6
691,Manizales,M,23.0,0.0,1.0,0.0,1.0,0.0,1.0,-1.0,0.67,269.0,2.0,22.6,62.4
692,Manizales,M,23.0,0.0,1.0,0.0,1.0,0.0,1.0,0.0,1.0,223.0,2.0,23.0,61.3
693,Manizales,F,21.0,0.0,1.0,0.0,1.0,0.0,1.0,0.0,1.0,82.0,1.0,21.7,65.9
694,Manizales,F,21.0,-1.0,0.5,2.0,0.0,0.0,1.0,0.0,1.0,75.0,1.0,22.2,64.6
695,Manizales,F,21.0,-1.0,0.5,2.0,0.0,0.0,1.0,0.0,1.0,75.0,1.0,22.6,62.4
696,Manizales,F,21.0,-1.0,0.5,2.0,0.0,-1.0,0.67,1.0,0.67,51.0,1.0,23.0,61.3
697,Manizales,F,21.0,1.0,0.5,1.0,0.5,0.0,1.0,0.0,1.0,126.0,2.0,21.7,65.9
698,Manizales,F,21.0,0.0,1.0,1.0,0.5,0.0,1.0,0.0,1.0,126.0,2.0,22.2,64.6
699,Manizales,F,21.0,-1.0,0.5,1.0,0.5,0.0,1.0,0.0,1.0,112.0,2.0,22.6,62.4
700,Manizales,F,21.0,0.0,1.0,1.0,0.5,0.0,1.0,0.0,1.0,91.0,1.0,23.0,61.3
701,Manizales,M,19.0,1.0,0.5,0.0,1.0,1.0,0.67,-1.0,0.67,1234.0,5.0,23.2,63.9
702,Manizales,M,19.0,1.0,0.5,0.0,1.0,1.0,0.67,-1.0,0.67,1012.0,5.0,24.1,62.3
703,Manizales,M,19.0,0.0,1.0,1.0,0.5,1.0,0.67,-2.0,0.33,79.0,1.0,24.5,60.0
704,Manizales,M,19.0,0.0,1.0,1.0,0.5,1.0,0.67,-2.0,0.33,53.0,1.0,24.8,59.3
705,Manizales,M,19.0,0.0,1.0,1.0,0.5,0.0,1.0,-1.0,0.67,40.0,1.0,24.5,58.9
706,Manizales,M,21.0,0.0,1.0,0.0,1.0,2.0,0.33,-2.0,0.33,695.0,4.0,23.2,63.9
707,Manizales,M,21.0,0.0,1.0,0.0,1.0,2.0,0.33,-2.0,0.33,128.0,2.0,24.5,60.0
708,Manizales,M,21.0,0.0,1.0,0.0,1.0,1.0,0.67,-1.0,0.67,93.0,1.0,24.8,59.3
709,Manizales,M,21.0,0.0,1.0,1.0,0.5,0.0,1.0,-1.0,0.67,75.0,1.0,24.5,58.9
710,Manizales,M,18.0,0.0,1.0,0.0,1.0,0.0,1.0,-1.0,0.67,360.0,3.0,23.2,63.9
711,Manizales,M,18.0,1.0,0.5,0.0,1.0,0.0,1.0,-1.0,0.67,324.0,3.0,24.1,62.3
712,Manizales,M,18.0,0.0,1.0,1.0,0.5,0.0,1.0,-1.0,0.67,217.0,2.0,24.5,60.0
713,Manizales,M,18.0,1.0,0.5,0.0,1.0,0.0,1.0,0.0,1.0,191.0,2.0,24.8,59.3
714,Manizales,M,18.0,0.0,1.0,1.0,0.5,0.0,1.0,0.0,1.0,187.0,2.0,24.5,58.9
715,Manizales,M,19.0,2.0,0.0,0.0,1.0,0.0,1.0,1.0,0.67,941.0,4.0,23.2,63.9
716,Manizales,M,19.0,0.0,1.0,0.0,1.0,0.0,1.0,0.0,1.0,795.0,4.0,24.1,62.3
717,Manizales,M,19.0,0.0,1.0,1.0,0.5,-1.0,0.67,1.0,0.67,186.0,2.0,24.5,60.0
718,Manizales,M,19.0,1.0,0.5,1.0,0.5,0.0,1.0,0.0,1.0,139.0,2.0,24.8,59.3
719,Manizales,M,19.0,1.0,0.5,1.0,0.5,0.0,1.0,0.0,1.0,121.0,2.0,24.5,58.9
720,Manizales,F,22.0,-1.0,0.5,2.0,0.0,0.0,1.0,0.0,1.0,617.0,4.0,23.2,63.9
721,Manizales,F,22.0,-1.0,0.5,2.0,0.0,0.0,1.0,0.0,1.0,472.0,3.0,24.1,62.3
722,Manizales,F,22.0,-1.0,0.5,2.0,0.0,0.0,1.0,0.0,1.0,165.0,2.0,24.5,60.0
723,Manizales,F,22.0,-1.0,0.5,2.0,0.0,0.0,1.0,0.0,1.0,128.0,2.0,24.8,59.3
724,Manizales,F,22.0,-1.0,0.5,2.0,0.0,0.0,1.0,0.0,1.0,108.0,2.0,24.5,58.9
725,Manizales,F,20.0,0.0,1.0,0.0,1.0,0.0,1.0,-1.0,0.67,420.0,3.0,23.2,63.9
726,Manizales,F,20.0,0.0,1.0,0.0,1.0,0.0,1.0,-2.0,0.33,358.0,3.0,24.1,62.3
727,Manizales,F,20.0,0.0,1.0,1.0,0.5,-1.0,0.67,0.0,1.0,119.0,2.0,24.5,60.0
728,Manizales,F,20.0,0.0,1.0,1.0,0.5,0.0,1.0,-1.0,0.67,78.0,1.0,24.8,59.3
729,Manizales,F,20.0,0.0,1.0,1.0,0.5,0.0,1.0,-1.0,0.67,69.0,1.0,24.5,58.9
730,Manizales,M,25.0,1.0,0.5,-1.0,0.5,-1.0,0.67,1.0,0.67,1497.0,5.0,23.2,63.9
731,Manizales,M,25.0,0.0,1.0,1.0,0.5,0.0,1.0,0.0,1.0,1023.0,5.0,24.1,62.3
732,Manizales,M,25.0,-1.0,0.5,1.0,0.5,0.0,1.0,0.0,1.0,1150.0,5.0,24.5,60.0
733,Manizales,M,25.0,-1.0,0.5,1.0,0.5,0.0,1.0,0.0,1.0,969.0,4.0,24.8,59.3
734,Manizales,M,25.0,-1.0,0.5,0.0,1.0,0.0,1.0,0.0,1.0,667.0,4.0,24.5,58.9
735,Manizales,F,19.0,1.0,0.5,0.0,1.0,0.0,1.0,0.0,1.0,716.0,4.0,23.2,63.9
736,Manizales,F,19.0,1.0,0.5,0.0,1.0,0.0,1.0,0.0,1.0,572.0,4.0,24.1,62.3
737,Manizales,F,19.0,1.0,0.5,-1.0,0.5,0.0,1.0,0.0,1.0,341.0,3.0,24.5,60.0
738,Manizales,F,19.0,1.0,0.5,-1.0,0.5,0.0,1.0,0.0,1.0,228.0,2.0,24.8,59.3
739,Manizales,F,19.0,1.0,0.5,-1.0,0.5,0.0,1.0,0.0,1.0,213.0,2.0,24.5,58.9
740,Manizales,F,20.0,0.0,1.0,0.0,1.0,0.0,1.0,0.0,1.0,322.0,3.0,23.2,63.9
741,Manizales,F,20.0,0.0,1.0,0.0,1.0,0.0,1.0,0.0,1.0,269.0,2.0,24.1,62.3
742,Manizales,F,20.0,-1.0,0.5,1.0,0.5,0.0,1.0,0.0,1.0,136.0,2.0,24.5,60.0
743,Manizales,F,20.0,0.0,1.0,0.0,1.0,0.0,1.0,0.0,1.0,89.0,1.0,24.8,59.3
744,Manizales,F,20.0,-1.0,0.5,1.0,0.5,0.0,1.0,0.0,1.0,83.0,1.0,24.5,58.9
745,Manizales,M,20.0,0.0,1.0,0.0,1.0,0.0,1.0,0.0,1.0,220.0,2.0,23.2,63.9
746,Manizales,M,20.0,0.0,1.0,0.0,1.0,0.0,1.0,0.0,1.0,173.0,2.0,24.1,62.3
747,Manizales,M,20.0,-1.0,0.5,1.0,0.5,0.0,1.0,0.0,1.0,40.0,1.0,24.5,60.0
748,Manizales,M,20.0,-1.0,0.5,1.0,0.5,-1.0,0.67,1.0,0.67,16.0,1.0,24.8,59.3
749,Manizales,M,20.0,-1.0,0.5,1.0,0.5,-1.0,0.67,1.0,0.67,-31.0,1.0,24.5,58.9
750,Manizales,F,25.0,0.0,1.0,0.0,1.0,0.0,1.0,0.0,1.0,214.0,2.0,23.2,63.9
751,Manizales,F,25.0,0.0,1.0,0.0,1.0,0.0,1.0,0.0,1.0,167.0,2.0,24.1,62.3
752,Manizales,F,25.0,0.0,1.0,0.0,1.0,0.0,1.0,0.0,1.0,20.0,1.0,24.5,60.0
753,Manizales,F,25.0,0.0,1.0,0.0,1.0,0.0,1.0,0.0,1.0,-10.0,1.0,24.8,59.3
754,Manizales,F,25.0,0.0,1.0,0.0,1.0,0.0,1.0,0.0,1.0,-26.0,1.0,24.5,58.9
755,Manizales,F,21.0,0.0,1.0,0.0,1.0,0.0,1.0,-1.0,0.67,197.0,2.0,23.2,63.9
756,Manizales,F,21.0,0.0,1.0,0.0,1.0,0.0,1.0,0.0,1.0,168.0,2.0,24.1,62.3
757,Manizales,F,21.0,0.0,1.0,0.0,1.0,0.0,1.0,0.0,1.0,49.0,1.0,24.5,60.0
758,Manizales,F,21.0,0.0,1.0,-1.0,0.5,0.0,1.0,0.0,1.0,7.0,1.0,24.8,59.3
759,Manizales,F,21.0,0.0,1.0,0.0,1.0,-1.0,0.67,0.0,1.0,-7.0,1.0,24.5,58.9
760,Medellín,F,18.0,0.0,1.0,0.0,1.0,0.0,1.0,0.0,1.0,187.0,2.0,23.5,70.7
761,Medellín,F,18.0,-1.0,0.5,1.0,0.5,-2.0,0.33,0.0,1.0,183.0,2.0,24.1,68.0
762,Medellín,F,18.0,0.0,1.0,0.0,1.0,2.0,0.33,-1.0,0.67,161.0,2.0,24.8,64.6
763,Medellín,M,19.0,1.0,0.5,-1.0,0.5,-1.0,0.67,0.0,1.0,1494.0,5.0,23.5,70.7
764,Medellín,M,19.0,-1.0,0.5,0.0,1.0,-1.0,0.67,0.0,1.0,1699.0,5.0,24.1,68.0
765,Medellín,M,19.0,-2.0,0.0,0.0,1.0,-1.0,0.67,0.0,1.0,1134.0,5.0,24.8,66.7
766,Medellín,M,19.0,0.0,1.0,0.0,1.0,-1.0,0.67,0.0,1.0,889.0,4.0,24.8,64.6
767,Medellín,M,22.0,0.0,1.0,1.0,0.5,0.0,1.0,-1.0,0.67,69.0,1.0,23.5,70.7
768,Medellín,M,22.0,0.0,1.0,1.0,0.5,0.0,1.0,-1.0,0.67,78.0,1.0,24.1,68.0
769,Medellín,M,22.0,-1.0,0.5,1.0,0.5,0.0,1.0,-1.0,0.67,64.0,1.0,24.8,66.7
770,Medellín,M,22.0,-1.0,0.5,1.0,0.5,0.0,1.0,-1.0,0.67,60.0,1.0,24.8,64.6
771,Medellín,M,19.0,1.0,0.5,-1.0,0.5,-1.0,0.67,0.0,1.0,433.0,3.0,23.5,70.7
772,Medellín,M,19.0,1.0,0.5,-1.0,0.5,0.0,1.0,0.0,1.0,457.0,3.0,24.1,68.0
773,Medellín,M,19.0,0.0,1.0,2.0,0.0,-2.0,0.33,-1.0,0.67,182.0,2.0,23.5,70.7
774,Medellín,M,19.0,0.0,1.0,2.0,0.0,-1.0,0.67,0.0,1.0,218.0,2.0,24.1,68.0
775,Medellín,M,19.0,0.0,1.0,1.0,0.5,0.0,1.0,0.0,1.0,162.0,2.0,24.8,66.7
776,Medellín,F,18.0,-1.0,0.5,2.0,0.0,0.0,1.0,0.0,1.0,89.0,1.0,23.5,70.7
777,Medellín,F,18.0,-1.0,0.5,2.0,0.0,-2.0,0.33,0.0,1.0,109.0,2.0,24.1,68.0
778,Medellín,F,18.0,0.0,1.0,2.0,0.0,0.0,1.0,0.0,1.0,89.0,1.0,24.8,66.7
779,Medellín,F,18.0,1.0,0.5,0.0,1.0,-2.0,0.33,1.0,0.67,3551.0,5.0,23.5,70.7
780,Medellín,F,18.0,0.0,1.0,0.0,1.0,-1.0,0.67,1.0,0.67,3708.0,5.0,24.1,68.0
781,Medellín,F,18.0,0.0,1.0,1.0,0.5,-1.0,0.67,1.0,0.67,2266.0,5.0,24.8,64.6
782,Medellín,F,18.0,-1.0,0.5,1.0,0.5,0.0,1.0,-2.0,0.33,36.0,1.0,23.5,70.7
783,Medellín,F,18.0,-1.0,0.5,1.0,0.5,2.0,0.33,-2.0,0.33,51.0,1.0,24.1,68.0
784,Medellín,F,18.0,-2.0,0.0,1.0,0.5,0.0,1.0,-2.0,0.33,28.0,1.0,24.8,66.7
785,Medellín,F,18.0,-1.0,0.5,2.0,0.0,0.0,1.0,-2.0,0.33,-10.0,1.0,24.8,64.6
786,Medellín,M,17.0,-1.0,0.5,1.0,0.5,0.0,1.0,0.0,1.0,-7.0,1.0,23.5,70.7
787,Medellín,M,17.0,0.0,1.0,0.0,1.0,0.0,1.0,0.0,1.0,7.0,1.0,24.1,68.0
788,Medellín,M,17.0,0.0,1.0,0.0,1.0,0.0,1.0,0.0,1.0,-14.0,1.0,24.8,66.7
789,Medellín,M,17.0,0.0,1.0,0.0,1.0,-1.0,0.67,0.0,1.0,-28.0,1.0,24.8,64.6
790,Medellín,M,17.0,-1.0,0.5,1.0,0.5,-1.0,0.67,0.0,1.0,-42.0,1.0,24.5,64.8
791,Medellín,M,21.0,0.0,1.0,-1.0,0.5,-1.0,0.67,0.0,1.0,142.0,2.0,21.4,83.9
792,Medellín,M,21.0,1.0,0.5,-2.0,0.0,-1.0,0.67,0.0,1.0,468.0,3.0,21.7,84.0
793,Medellín,M,21.0,0.0,1.0,-1.0,0.5,0.0,1.0,0.0,1.0,243.0,2.0,22.0,83.5
794,Medellín,M,21.0,0.0,1.0,-1.0,0.5,0.0,1.0,0.0,1.0,117.0,2.0,22.2,82.8
795,Medellín,M,21.0,-1.0,0.5,1.0,0.5,0.0,1.0,0.0,1.0,34.0,1.0,21.4,83.9
796,Medellín,M,21.0,-1.0,0.5,1.0,0.5,0.0,1.0,0.0,1.0,57.0,1.0,21.7,84.0
797,Medellín,M,21.0,0.0,1.0,0.0,1.0,0.0,1.0,0.0,1.0,46.0,1.0,22.0,83.5
798,Medellín,M,21.0,0.0,1.0,0.0,1.0,0.0,1.0,0.0,1.0,34.0,1.0,22.2,82.8
799,Medellín,F,22.0,0.0,1.0,0.0,1.0,-3.0,0.0,3.0,0.0,125.0,2.0,21.4,83.9
800,Medellín,F,22.0,2.0,0.0,0.0,1.0,-3.0,0.0,3.0,0.0,129.0,2.0,21.7,84.0
801,Medellín,F,22.0,-1.0,0.5,0.0,1.0,-3.0,0.0,3.0,0.0,125.0,2.0,22.0,83.5
802,Medellín,F,22.0,1.0,0.5,0.0,1.0,-3.0,0.0,3.0,0.0,125.0,2.0,22.2,82.8
803,Medellín,M,21.0,-1.0,0.5,1.0,0.5,-1.0,0.67,0.0,1.0,205.0,2.0,21.4,83.9
804,Medellín,M,21.0,1.0,0.5,0.0,1.0,0.0,1.0,-1.0,0.67,481.0,3.0,21.7,84.0
805,Medellín,M,21.0,1.0,0.5,0.0,1.0,-1.0,0.67,0.0,1.0,283.0,2.0,22.0,83.5
806,Medellín,M,21.0,0.0,1.0,0.0,1.0,-1.0,0.67,0.0,1.0,176.0,2.0,22.2,82.8
807,Medellín,F,22.0,0.0,1.0,1.0,0.5,-1.0,0.67,1.0,0.67,64.0,1.0,21.4,83.9
808,Medellín,F,22.0,1.0,0.5,1.0,0.5,-1.0,0.67,1.0,0.67,85.0,1.0,21.7,84.0
809,Medellín,F,22.0,0.0,1.0,0.0,1.0,-1.0,0.67,1.0,0.67,75.0,1.0,22.0,83.5
810,Medellín,F,22.0,1.0,0.5,1.0,0.5,-1.0,0.67,1.0,0.67,64.0,1.0,22.2,82.8
811,Medellín,M,22.0,-1.0,0.5,1.0,0.5,0.0,1.0,0.0,1.0,36.0,1.0,21.4,83.9
812,Medellín,M,22.0,-1.0,0.5,1.0,0.5,0.0,1.0,0.0,1.0,36.0,1.0,21.7,84.0
813,Medellín,M,22.0,-1.0,0.5,1.0,0.5,0.0,1.0,0.0,1.0,36.0,1.0,22.0,83.5
814,Medellín,M,22.0,-1.0,0.5,1.0,0.5,0.0,1.0,0.0,1.0,36.0,1.0,22.2,82.8
815,Medellín,F,21.0,0.0,1.0,0.0,1.0,0.0,1.0,0.0,1.0,40.0,1.0,21.4,83.9
816,Medellín,F,21.0,-1.0,0.5,0.0,1.0,-1.0,0.67,1.0,0.67,259.0,2.0,21.7,84.0
817,Medellín,F,21.0,1.0,0.5,-1.0,0.5,-1.0,0.67,1.0,0.67,102.0,2.0,22.0,83.5
818,Medellín,F,21.0,0.0,1.0,0.0,1.0,-1.0,0.67,-1.0,0.67,32.0,1.0,22.2,82.8
819,Medellín,M,24.0,1.0,0.5,2.0,0.0,0.0,1.0,-1.0,0.67,-57.0,1.0,21.4,83.9
820,Medellín,M,24.0,0.0,1.0,1.0,0.5,0.0,1.0,0.0,1.0,-41.0,1.0,21.7,84.0
821,Medellín,M,24.0,-1.0,0.5,1.0,0.5,0.0,1.0,0.0,1.0,-57.0,1.0,22.0,83.5
822,Medellín,M,24.0,-1.0,0.5,1.0,0.5,-1.0,0.67,1.0,0.67,-57.0,1.0,22.2,82.8
823,Medellín,F,21.0,-1.0,0.5,1.0,0.5,0.0,1.0,-1.0,0.67,-63.0,1.0,21.4,83.9
824,Medellín,F,21.0,-1.0,0.5,1.0,0.5,0.0,1.0,0.0,1.0,-63.0,1.0,21.7,84.0
825,Medellín,F,21.0,0.0,1.0,0.0,1.0,0.0,1.0,0.0,1.0,-63.0,1.0,22.0,83.5
826,Medellín,F,21.0,0.0,1.0,0.0,1.0,0.0,1.0,0.0,1.0,-63.0,1.0,22.2,82.8
827,Medellín,F,22.0,1.0,0.5,0.0,1.0,-3.0,0.0,2.0,0.33,256.0,2.0,22.4,81.8
828,Medellín,F,22.0,1.0,0.5,-1.0,0.5,-3.0,0.0,2.0,0.33,845.0,4.0,22.4,80.7
829,Medellín,F,22.0,1.0,0.5,0.0,1.0,-3.0,0.0,2.0,0.33,1141.0,5.0,22.8,79.8
830,Medellín,F,22.0,0.0,1.0,0.0,1.0,-2.0,0.33,2.0,0.33,941.0,4.0,23.3,78.3
831,Medellín,M,21.0,0.0,1.0,0.0,1.0,-2.0,0.33,0.0,1.0,51.0,1.0,22.4,81.8
832,Medellín,M,21.0,0.0,1.0,0.0,1.0,-2.0,0.33,0.0,1.0,134.0,2.0,22.4,80.7
833,Medellín,M,21.0,0.0,1.0,0.0,1.0,-1.0,0.67,0.0,1.0,192.0,2.0,22.8,79.8
834,Medellín,M,21.0,0.0,1.0,0.0,1.0,-1.0,0.67,0.0,1.0,163.0,2.0,23.3,78.3
835,Medellín,F,21.0,1.0,0.5,1.0,0.5,-2.0,0.33,0.0,1.0,129.0,2.0,22.4,81.8
836,Medellín,F,21.0,0.0,1.0,0.0,1.0,-2.0,0.33,1.0,0.67,147.0,2.0,22.4,80.7
837,Medellín,F,21.0,0.0,1.0,0.0,1.0,-2.0,0.33,1.0,0.67,158.0,2.0,22.8,79.8
838,Medellín,F,21.0,0.0,1.0,0.0,1.0,-2.0,0.33,1.0,0.67,147.0,2.0,23.3,78.3
839,Medellín,M,23.0,0.0,1.0,0.0,1.0,-1.0,0.67,0.0,1.0,283.0,2.0,22.4,81.8
840,Medellín,M,23.0,0.0,1.0,0.0,1.0,0.0,1.0,0.0,1.0,848.0,4.0,22.4,80.7
841,Medellín,M,23.0,2.0,0.0,-1.0,0.5,0.0,1.0,0.0,1.0,1381.0,5.0,22.8,79.8
842,Medellín,M,23.0,0.0,1.0,0.0,1.0,0.0,1.0,0.0,1.0,1120.0,5.0,23.3,78.3
843,Medellín,F,23.0,0.0,1.0,1.0,0.5,-2.0,0.33,0.0,1.0,80.0,1.0,22.4,81.8
844,Medellín,F,23.0,0.0,1.0,0.0,1.0,-1.0,0.67,0.0,1.0,157.0,2.0,22.4,80.7
845,Medellín,F,23.0,1.0,0.5,0.0,1.0,-2.0,0.33,1.0,0.67,192.0,2.0,22.8,79.8
846,Medellín,F,23.0,0.0,1.0,1.0,0.5,0.0,1.0,0.0,1.0,167.0,2.0,23.3,78.3
847,Medellín,F,22.0,-1.0,0.5,2.0,0.0,-1.0,0.67,1.0,0.67,36.0,1.0,22.4,81.8
848,Medellín,F,22.0,0.0,1.0,0.0,1.0,-1.0,0.67,1.0,0.67,69.0,1.0,22.4,80.7
849,Medellín,F,22.0,1.0,0.5,0.0,1.0,0.0,1.0,0.0,1.0,89.0,1.0,22.8,79.8
850,Medellín,F,22.0,0.0,1.0,0.0,1.0,0.0,1.0,0.0,1.0,63.0,1.0,23.3,78.3
851,Medellín,F,23.0,0.0,1.0,0.0,1.0,-2.0,0.33,2.0,0.33,102.0,2.0,22.4,81.8
852,Medellín,F,24.0,0.0,1.0,0.0,1.0,-2.0,0.33,1.0,0.67,471.0,3.0,22.4,80.7
853,Medellín,F,25.0,0.0,1.0,0.0,1.0,-1.0,0.67,1.0,0.67,682.0,4.0,22.8,79.8
854,Medellín,F,26.0,0.0,1.0,0.0,1.0,-2.0,0.33,1.0,0.67,541.0,4.0,23.3,78.3
855,Medellín,M,25.0,-1.0,0.5,2.0,0.0,-2.0,0.33,2.0,0.33,-49.0,1.0,22.4,81.8
856,Medellín,M,25.0,0.0,1.0,-1.0,0.5,-1.0,0.67,2.0,0.33,5.0,1.0,22.4,80.7
857,Medellín,M,25.0,-1.0,0.5,1.0,0.5,-2.0,0.33,2.0,0.33,28.0,1.0,22.8,79.8
858,Medellín,M,25.0,-1.0,0.5,2.0,0.0,-2.0,0.33,2.0,0.33,5.0,1.0,23.3,78.3
859,Medellín,M,23.0,0.0,1.0,0.0,1.0,0.0,1.0,0.0,1.0,-63.0,1.0,22.4,81.8
860,Medellín,M,23.0,0.0,1.0,0.0,1.0,0.0,1.0,-1.0,0.67,-35.0,1.0,22.4,80.7
861,Medellín,M,23.0,0.0,1.0,0.0,1.0,0.0,1.0,0.0,1.0,-21.0,1.0,22.8,79.8
862,Medellín,M,23.0,0.0,1.0,0.0,1.0,0.0,1.0,0.0,1.0,-35.0,1.0,23.3,78.3
863,Medellín,M,19.0,2.0,0.0,-1.0,0.5,0.0,1.0,0.0,1.0,1525.0,5.0,23.8,74.2
864,Medellín,M,19.0,0.0,1.0,-1.0,0.5,0.0,1.0,-2.0,0.33,1457.0,5.0,24.6,72.6
865,Medellín,M,19.0,0.0,1.0,0.0,1.0,0.0,1.0,-2.0,0.33,1564.0,5.0,24.9,70.7
866,Medellín,M,19.0,0.0,1.0,0.0,1.0,0.0,1.0,-2.0,0.33,1659.0,5.0,25.3,69.4
867,Medellín,M,19.0,0.0,1.0,0.0,1.0,0.0,1.0,-2.0,0.33,1315.0,5.0,25.6,68.4
868,Medellín,F,18.0,0.0,1.0,1.0,0.5,-1.0,0.67,0.0,1.0,151.0,2.0,23.8,74.2
869,Medellín,F,18.0,0.0,1.0,1.0,0.5,0.0,1.0,0.0,1.0,140.0,2.0,24.6,72.6
870,Medellín,F,18.0,1.0,0.5,0.0,1.0,0.0,1.0,0.0,1.0,140.0,2.0,24.9,70.7
871,Medellín,F,18.0,-1.0,0.5,2.0,0.0,0.0,1.0,0.0,1.0,157.0,2.0,25.3,69.4
872,Medellín,F,18.0,-1.0,0.5,1.0,0.5,0.0,1.0,0.0,1.0,116.0,2.0,25.6,68.4
873,Medellín,F,22.0,-1.0,0.5,2.0,0.0,-3.0,0.0,1.0,0.67,180.0,2.0,23.8,74.2
874,Medellín,F,22.0,-1.0,0.5,0.0,1.0,-1.0,0.67,2.0,0.33,172.0,2.0,24.6,72.6
875,Medellín,F,22.0,0.0,1.0,0.0,1.0,-1.0,0.67,2.0,0.33,180.0,2.0,24.9,70.7
876,Medellín,F,22.0,0.0,1.0,0.0,1.0,-1.0,0.67,-1.0,0.67,183.0,2.0,25.3,69.4
877,Medellín,F,22.0,0.0,1.0,0.0,1.0,0.0,1.0,2.0,0.33,161.0,2.0,25.6,68.4
878,Medellín,M,21.0,2.0,0.0,-1.0,0.5,-1.0,0.67,1.0,0.67,1005.0,5.0,23.8,74.2
879,Medellín,M,21.0,2.0,0.0,-2.0,0.0,-1.0,0.67,1.0,0.67,981.0,4.0,24.6,72.6
880,Medellín,M,21.0,2.0,0.0,-2.0,0.0,0.0,1.0,0.0,1.0,1047.0,5.0,24.9,70.7
881,Medellín,M,21.0,2.0,0.0,-2.0,0.0,0.0,1.0,0.0,1.0,1132.0,5.0,25.3,69.4
882,Medellín,M,21.0,2.0,0.0,-2.0,0.0,1.0,0.67,-1.0,0.67,987.0,4.0,25.6,68.4
883,Medellín,M,20.0,-1.0,0.5,1.0,0.5,-2.0,0.33,0.0,1.0,269.0,2.0,23.8,74.2
884,Medellín,M,20.0,0.0,1.0,1.0,0.5,-1.0,0.67,-1.0,0.67,244.0,2.0,24.6,72.6
885,Medellín,M,20.0,0.0,1.0,0.0,1.0,-2.0,0.33,0.0,1.0,254.0,2.0,24.9,70.7
886,Medellín,F,24.0,2.0,0.0,0.0,1.0,1.0,0.67,0.0,1.0,129.0,2.0,23.8,74.2
887,Medellín,F,24.0,0.0,1.0,1.0,0.5,-1.0,0.67,1.0,0.67,116.0,2.0,24.6,72.6
888,Medellín,F,24.0,-1.0,0.5,1.0,0.5,-1.0,0.67,1.0,0.67,123.0,2.0,24.9,70.7
889,Medellín,F,20.0,-1.0,0.5,0.0,1.0,1.0,0.67,-1.0,0.67,925.0,4.0,23.8,74.2
890,Medellín,F,20.0,2.0,0.0,0.0,1.0,0.0,1.0,0.0,1.0,761.0,4.0,24.6,72.6
891,Medellín,F,20.0,-2.0,0.0,0.0,1.0,0.0,1.0,0.0,1.0,839.0,4.0,24.9,70.7
892,Medellín,F,20.0,1.0,0.5,0.0,1.0,1.0,0.67,-1.0,0.67,894.0,4.0,25.3,69.4
893,Medellín,F,20.0,0.0,1.0,0.0,1.0,0.0,1.0,-1.0,0.67,737.0,4.0,25.6,68.4
894,Medellín,F,18.0,2.0,0.0,2.0,0.0,0.0,1.0,-1.0,0.67,20.0,1.0,24.6,72.6
895,Medellín,F,18.0,-1.0,0.5,2.0,0.0,0.0,1.0,0.0,1.0,36.0,1.0,24.9,70.7
896,Medellín,F,18.0,-2.0,0.0,2.0,0.0,0.0,1.0,0.0,1.0,44.0,1.0,25.3,69.4
897,Medellín,F,18.0,1.0,0.5,2.0,0.0,0.0,1.0,0.0,1.0,5.0,1.0,25.6,68.4
898,Medellín,F,21.0,1.0,0.5,1.0,0.5,0.0,1.0,0.0,1.0,21.0,1.0,24.6,72.6
899,Medellín,F,21.0,-1.0,0.5,1.0,0.5,0.0,1.0,0.0,1.0,14.0,1.0,24.9,70.7
900,Medellín,F,21.0,-1.0,0.5,2.0,0.0,0.0,1.0,0.0,1.0,21.0,1.0,25.3,69.4
901,Medellín,F,21.0,-1.0,0.5,2.0,0.0,1.0,0.67,-1.0,0.67,-7.0,1.0,25.6,68.4
902,Medellín,M,22.0,0.0,1.0,0.0,1.0,1.0,0.67,-1.0,0.67,2533.0,5.0,28.0,57.7
903,Medellín,M,22.0,0.0,1.0,0.0,1.0,1.0,0.67,-1.0,0.67,2334.0,5.0,28.0,57.7
904,Medellín,M,22.0,0.0,1.0,1.0,0.5,0.0,1.0,0.0,1.0,1818.0,5.0,28.2,57.6
905,Medellín,M,22.0,-1.0,0.5,1.0,0.5,0.0,1.0,0.0,1.0,1246.0,5.0,28.1,55.8
906,Medellín,M,22.0,-1.0,0.5,1.0,0.5,0.0,1.0,0.0,1.0,1412.0,5.0,27.8,55.9
907,Medellín,F,22.0,0.0,1.0,1.0,0.5,1.0,0.67,-2.0,0.33,343.0,3.0,28.0,57.7
908,Medellín,F,22.0,1.0,0.5,1.0,0.5,0.0,1.0,-1.0,0.67,331.0,3.0,28.0,57.7
909,Medellín,F,22.0,-1.0,0.5,0.0,1.0,0.0,1.0,0.0,1.0,245.0,2.0,28.2,57.6
910,Medellín,F,22.0,1.0,0.5,1.0,0.5,0.0,1.0,-1.0,0.67,169.0,2.0,28.1,55.8
911,Medellín,F,22.0,0.0,1.0,1.0,0.5,0.0,1.0,0.0,1.0,204.0,2.0,27.8,55.9
912,Medellín,F,20.0,-2.0,0.0,1.0,0.5,1.0,0.67,-1.0,0.67,195.0,2.0,28.0,57.7
913,Medellín,F,20.0,-1.0,0.5,1.0,0.5,0.0,1.0,0.0,1.0,191.0,2.0,28.0,57.7
914,Medellín,F,20.0,-1.0,0.5,2.0,0.0,0.0,1.0,-1.0,0.67,169.0,2.0,28.2,57.6
915,Medellín,F,20.0,-2.0,0.0,2.0,0.0,2.0,0.33,-2.0,0.33,150.0,2.0,28.1,55.8
916,Medellín,F,20.0,-2.0,0.0,2.0,0.0,0.0,1.0,0.0,1.0,161.0,2.0,27.8,55.9
917,Medellín,M,20.0,0.0,1.0,0.0,1.0,0.0,1.0,-2.0,0.33,878.0,4.0,28.0,57.7
918,Medellín,M,20.0,1.0,0.5,0.0,1.0,0.0,1.0,0.0,1.0,1023.0,5.0,28.0,57.7
919,Medellín,M,20.0,0.0,1.0,0.0,1.0,-2.0,0.33,0.0,1.0,733.0,4.0,28.2,57.6
920,Medellín,M,20.0,-1.0,0.5,1.0,0.5,-1.0,0.67,0.0,1.0,535.0,4.0,28.1,55.8
921,Medellín,M,20.0,-1.0,0.5,2.0,0.0,-2.0,0.33,0.0,1.0,619.0,4.0,27.8,55.9
922,Medellín,F,22.0,0.0,1.0,1.0,0.5,0.0,1.0,0.0,1.0,285.0,2.0,28.0,57.7
923,Medellín,F,22.0,0.0,1.0,0.0,1.0,0.0,1.0,0.0,1.0,223.0,2.0,28.0,57.7
924,Medellín,F,22.0,-1.0,0.5,0.0,1.0,0.0,1.0,0.0,1.0,157.0,2.0,28.2,57.6
925,Medellín,F,22.0,1.0,0.5,1.0,0.5,0.0,1.0,0.0,1.0,141.0,2.0,28.1,55.8
926,Medellín,F,22.0,0.0,1.0,1.0,0.5,0.0,1.0,0.0,1.0,162.0,2.0,27.8,55.9
927,Medellín,F,20.0,-1.0,0.5,1.0,0.5,0.0,1.0,-1.0,0.67,216.0,2.0,28.0,57.7
928,Medellín,F,20.0,-1.0,0.5,1.0,0.5,0.0,1.0,0.0,1.0,189.0,2.0,28.0,57.7
929,Medellín,F,20.0,-1.0,0.5,1.0,0.5,0.0,1.0,0.0,1.0,136.0,2.0,28.2,57.6
930,Medellín,F,20.0,-1.0,0.5,1.0,0.5,0.0,1.0,-1.0,0.67,89.0,1.0,28.1,55.8
931,Medellín,F,20.0,-1.0,0.5,2.0,0.0,0.0,1.0,-1.0,0.67,116.0,2.0,27.8,55.9
932,Medellín,F,19.0,0.0,1.0,0.0,1.0,2.0,0.33,-1.0,0.67,79.0,1.0,28.0,57.7
933,Medellín,F,19.0,0.0,1.0,0.0,1.0,0.0,1.0,-1.0,0.67,71.0,1.0,28.0,57.7
934,Medellín,F,19.0,1.0,0.5,0.0,1.0,0.0,1.0,-2.0,0.33,24.0,1.0,28.2,57.6
935,Medellín,F,19.0,0.0,1.0,0.0,1.0,0.0,1.0,-2.0,0.33,-7.0,1.0,28.1,55.8
936,Medellín,F,19.0,0.0,1.0,0.0,1.0,0.0,1.0,-2.0,0.33,-7.0,1.0,27.8,55.9
937,Medellín,F,19.0,0.0,1.0,2.0,0.0,2.0,0.33,-2.0,0.33,28.0,1.0,28.0,57.7
938,Medellín,F,19.0,0.0,1.0,2.0,0.0,0.0,1.0,-2.0,0.33,20.0,1.0,28.0,57.7
939,Medellín,F,19.0,0.0,1.0,2.0,0.0,0.0,1.0,-2.0,0.33,-10.0,1.0,28.2,57.6
940,Medellín,F,19.0,-1.0,0.5,2.0,0.0,0.0,1.0,-2.0,0.33,-26.0,1.0,28.1,55.8
941,Medellín,F,19.0,-1.0,0.5,2.0,0.0,0.0,1.0,-2.0,0.33,-18.0,1.0,27.8,55.9
942,Medellín,F,19.0,0.0,1.0,0.0,1.0,0.0,1.0,-2.0,0.33,0.0,1.0,28.0,57.7
943,Medellín,F,19.0,0.0,1.0,0.0,1.0,1.0,0.67,-2.0,0.33,0.0,1.0,28.0,57.7
944,Medellín,F,19.0,-1.0,0.5,0.0,1.0,0.0,1.0,-2.0,0.33,-28.0,1.0,28.2,57.6
945,Medellín,F,19.0,-1.0,0.5,1.0,0.5,0.0,1.0,-2.0,0.33,-49.0,1.0,28.1,55.8
946,Medellín,F,19.0,-1.0,0.5,1.0,0.5,0.0,1.0,-2.0,0.33,-35.0,1.0,27.8,55.9
947,Medellín,F,19.0,1.0,0.5,0.0,1.0,1.0,0.67,-1.0,0.67,2083.0,5.0,27.8,56.2
948,Medellín,F,19.0,2.0,0.0,-1.0,0.5,1.0,0.67,-2.0,0.33,2272.0,5.0,27.9,57.4
949,Medellín,F,19.0,1.0,0.5,-1.0,0.5,1.0,0.67,-1.0,0.67,1703.0,5.0,28.2,56.8
950,Medellín,F,19.0,0.0,1.0,0.0,1.0,0.0,1.0,0.0,1.0,1205.0,5.0,28.2,55.4
951,Medellín,F,19.0,0.0,1.0,0.0,1.0,-1.0,0.67,0.0,1.0,1297.0,5.0,27.8,54.3
952,Medellín,M,19.0,0.0,1.0,0.0,1.0,1.0,0.67,0.0,1.0,250.0,2.0,28.2,56.8
953,Medellín,M,19.0,0.0,1.0,0.0,1.0,0.0,1.0,0.0,1.0,134.0,2.0,28.2,55.4
954,Medellín,M,19.0,0.0,1.0,0.0,1.0,0.0,1.0,0.0,1.0,122.0,2.0,27.8,54.3
955,Medellín,M,20.0,-1.0,0.5,1.0,0.5,2.0,0.33,-3.0,0.0,183.0,2.0,27.8,56.2
956,Medellín,M,20.0,-2.0,0.0,1.0,0.5,1.0,0.67,-3.0,0.0,198.0,2.0,27.9,57.4
957,Medellín,M,20.0,-1.0,0.5,2.0,0.0,2.0,0.33,-3.0,0.0,176.0,2.0,28.2,56.8
958,Medellín,M,20.0,-2.0,0.0,1.0,0.5,0.0,1.0,-3.0,0.0,143.0,2.0,28.2,55.4
959,Medellín,M,20.0,-2.0,0.0,2.0,0.0,-1.0,0.67,-3.0,0.0,143.0,2.0,27.8,54.3
960,Medellín,M,23.0,0.0,1.0,0.0,1.0,1.0,0.67,-2.0,0.33,223.0,2.0,27.8,56.2
961,Medellín,M,23.0,0.0,1.0,0.0,1.0,1.0,0.67,-1.0,0.67,269.0,2.0,27.9,57.4
962,Medellín,M,23.0,-1.0,0.5,1.0,0.5,1.0,0.67,-1.0,0.67,177.0,2.0,28.2,56.8
963,Medellín,M,23.0,-1.0,0.5,1.0,0.5,1.0,0.67,-1.0,0.67,116.0,2.0,28.2,55.4
964,Medellín,M,23.0,-1.0,0.5,1.0,0.5,1.0,0.67,-1.0,0.67,100.0,2.0,27.8,54.3
965,Medellín,M,19.0,0.0,1.0,0.0,1.0,3.0,0.0,-2.0,0.33,163.0,2.0,27.8,56.2
966,Medellín,M,19.0,0.0,1.0,0.0,1.0,2.0,0.33,-2.0,0.33,209.0,2.0,27.9,57.4
967,Medellín,M,19.0,0.0,1.0,0.0,1.0,2.0,0.33,-2.0,0.33,129.0,2.0,28.2,56.8
968,Medellín,M,19.0,0.0,1.0,0.0,1.0,1.0,0.67,-1.0,0.67,69.0,1.0,28.2,55.4
969,Medellín,M,19.0,0.0,1.0,0.0,1.0,1.0,0.67,-1.0,0.67,56.0,1.0,27.8,54.3
970,Medellín,M,21.0,0.0,1.0,0.0,1.0,1.0,0.67,-2.0,0.33,63.0,1.0,27.8,56.2
971,Medellín,M,21.0,0.0,1.0,0.0,1.0,2.0,0.33,-2.0,0.33,63.0,1.0,27.9,57.4
972,Medellín,M,21.0,0.0,1.0,0.0,1.0,1.0,0.67,-1.0,0.67,24.0,1.0,28.2,56.8
973,Medellín,M,21.0,-1.0,0.5,1.0,0.5,1.0,0.67,-1.0,0.67,-7.0,1.0,28.2,55.4
974,Medellín,M,21.0,-1.0,0.5,1.0,0.5,0.0,1.0,-1.0,0.67,-23.0,1.0,27.8,54.3
975,Medellín,F,19.0,-1.0,0.5,1.0,0.5,1.0,0.67,-2.0,0.33,183.0,2.0,27.8,56.2
976,Medellín,F,19.0,-1.0,0.5,1.0,0.5,2.0,0.33,-3.0,0.0,229.0,2.0,27.9,57.4
977,Medellín,F,19.0,-1.0,0.5,1.0,0.5,3.0,0.0,-3.0,0.0,5.0,1.0,28.2,56.8
978,Medellín,F,19.0,0.0,1.0,0.0,1.0,3.0,0.0,-3.0,0.0,-34.0,1.0,28.2,55.4
979,Medellín,F,19.0,-1.0,0.5,1.0,0.5,3.0,0.0,-3.0,0.0,-41.0,1.0,27.8,54.3
980,Medellín,M,19.0,0.0,1.0,1.0,0.5,0.0,1.0,-1.0,0.67,-7.0,1.0,27.8,56.2
981,Medellín,M,19.0,0.0,1.0,1.0,0.5,0.0,1.0,-1.0,0.67,7.0,1.0,27.9,57.4
982,Medellín,M,19.0,-1.0,0.5,1.0,0.5,0.0,1.0,-1.0,0.67,-21.0,1.0,28.2,56.8
983,Medellín,M,19.0,-1.0,0.5,1.0,0.5,0.0,1.0,-1.0,0.67,-49.0,1.0,28.2,55.4
984,Medellín,M,19.0,-1.0,0.5,1.0,0.5,0.0,1.0,-1.0,0.67,-49.0,1.0,27.8,54.3
985,Medellín,F,21.0,0.0,1.0,0.0,1.0,1.0,0.67,-2.0,0.33,460.0,3.0,27.5,54.9
986,Medellín,F,21.0,0.0,1.0,0.0,1.0,1.0,0.67,-2.0,0.33,117.0,2.0,27.7,54.6
987,Medellín,F,21.0,0.0,1.0,1.0,0.5,2.0,0.33,-2.0,0.33,79.0,1.0,27.5,58.4
988,Medellín,F,21.0,-1.0,0.5,1.0,0.5,0.0,1.0,0.0,1.0,53.0,1.0,26.8,65.1
989,Medellín,F,21.0,-1.0,0.5,1.0,0.5,0.0,1.0,0.0,1.0,15.0,1.0,26.3,62.0
990,Medellín,M,24.0,0.0,1.0,0.0,1.0,0.0,1.0,-1.0,0.67,416.0,3.0,27.5,54.9
991,Medellín,M,24.0,0.0,1.0,1.0,0.5,0.0,1.0,-1.0,0.67,99.0,1.0,27.7,54.6
992,Medellín,M,24.0,-1.0,0.5,1.0,0.5,0.0,1.0,-1.0,0.67,75.0,1.0,27.5,58.4
993,Medellín,M,24.0,0.0,1.0,1.0,0.5,0.0,1.0,-1.0,0.67,51.0,1.0,26.8,65.1
994,Medellín,M,24.0,-1.0,0.5,1.0,0.5,0.0,1.0,-1.0,0.67,28.0,1.0,26.3,62.0
995,Medellín,F,26.0,0.0,1.0,1.0,0.5,2.0,0.33,-2.0,0.33,285.0,2.0,27.5,54.9
996,Medellín,F,26.0,-1.0,0.5,1.0,0.5,1.0,0.67,-1.0,0.67,154.0,2.0,27.7,54.6
997,Medellín,F,26.0,-1.0,0.5,2.0,0.0,1.0,0.67,-1.0,0.67,147.0,2.0,27.5,58.4
998,Medellín,F,26.0,-1.0,0.5,2.0,0.0,0.0,1.0,-1.0,0.67,140.0,2.0,26.8,65.1
999,Medellín,F,26.0,-2.0,0.0,2.0,0.0,0.0,1.0,-1.0,0.67,181.0,2.0,26.3,62.0
1000,Medellín,F,20.0,0.0,1.0,0.0,1.0,0.0,1.0,-1.0,0.67,1284.0,5.0,27.5,54.9
1001,Medellín,F,20.0,-1.0,0.5,1.0,0.5,0.0,1.0,0.0,1.0,637.0,4.0,27.7,54.6
1002,Medellín,F,20.0,0.0,1.0,0.0,1.0,0.0,1.0,0.0,1.0,391.0,3.0,27.5,58.4
1003,Medellín,F,20.0,-1.0,0.5,1.0,0.5,0.0,1.0,0.0,1.0,205.0,2.0,26.8,65.1
1004,Medellín,F,20.0,-2.0,0.0,2.0,0.0,0.0,1.0,0.0,1.0,98.0,1.0,26.3,62.0
1005,Medellín,F,21.0,1.0,0.5,2.0,0.0,1.0,0.67,-1.0,0.67,628.0,4.0,27.5,54.9
1006,Medellín,F,21.0,0.0,1.0,2.0,0.0,0.0,1.0,0.0,1.0,213.0,2.0,27.7,54.6
1007,Medellín,F,21.0,-1.0,0.5,2.0,0.0,0.0,1.0,0.0,1.0,157.0,2.0,27.5,58.4
1008,Medellín,F,21.0,-1.0,0.5,2.0,0.0,0.0,1.0,0.0,1.0,100.0,2.0,26.8,65.1
1009,Medellín,F,21.0,-2.0,0.0,2.0,0.0,0.0,1.0,0.0,1.0,54.0,1.0,26.3,62.0
1010,Medellín,F,21.0,0.0,1.0,0.0,1.0,2.0,0.33,-2.0,0.33,341.0,3.0,27.5,54.9
1011,Medellín,F,21.0,-1.0,0.5,0.0,1.0,2.0,0.33,-2.0,0.33,96.0,1.0,27.7,54.6
1012,Medellín,F,21.0,-1.0,0.5,1.0,0.5,1.0,0.67,-1.0,0.67,69.0,1.0,27.5,58.4
1013,Medellín,F,21.0,-1.0,0.5,1.0,0.5,1.0,0.67,-2.0,0.33,49.0,1.0,26.8,65.1
1014,Medellín,F,21.0,-1.0,0.5,2.0,0.0,0.0,1.0,-1.0,0.67,122.0,2.0,26.3,62.0
1015,Medellín,F,21.0,0.0,1.0,0.0,1.0,-1.0,0.67,0.0,1.0,345.0,3.0,27.5,54.9
1016,Medellín,F,21.0,-1.0,0.5,1.0,0.5,0.0,1.0,0.0,1.0,1.0,1.0,27.7,54.6
1017,Medellín,F,21.0,-1.0,0.5,2.0,0.0,-1.0,0.67,1.0,0.67,-15.0,1.0,27.5,58.4
1018,Medellín,F,21.0,-1.0,0.5,1.0,0.5,-3.0,0.0,2.0,0.33,-39.0,1.0,26.8,65.1
1019,Medellín,F,21.0,-2.0,0.0,2.0,0.0,-2.0,0.33,2.0,0.33,-62.0,1.0,26.3,62.0
1020,Medellín,F,20.0,0.0,1.0,0.0,1.0,0.0,1.0,-1.0,0.67,183.0,2.0,27.5,54.9
1021,Medellín,F,20.0,0.0,1.0,1.0,0.5,-1.0,0.67,0.0,1.0,-26.0,1.0,27.7,54.6
1022,Medellín,F,20.0,0.0,1.0,1.0,0.5,-1.0,0.67,0.0,1.0,-41.0,1.0,27.5,58.4
1023,Medellín,F,20.0,-1.0,0.5,2.0,0.0,-1.0,0.67,0.0,1.0,-57.0,1.0,26.8,65.1
1024,Medellín,F,20.0,-1.0,0.5,2.0,0.0,-1.0,0.67,1.0,0.67,-72.0,1.0,26.3,62.0
1025,Medellín,F,23.0,-1.0,0.5,1.0,0.5,0.0,1.0,0.0,1.0,98.0,1.0,27.5,54.9
1026,Medellín,F,23.0,-1.0,0.5,1.0,0.5,0.0,1.0,0.0,1.0,-35.0,1.0,27.7,54.6
1027,Medellín,F,23.0,-1.0,0.5,1.0,0.5,-1.0,0.67,1.0,0.67,-56.0,1.0,27.5,58.4
1028,Medellín,F,23.0,-1.0,0.5,2.0,0.0,-2.0,0.33,1.0,0.67,-63.0,1.0,26.8,65.1
1029,Medellín,F,23.0,-1.0,0.5,2.0,0.0,-2.0,0.33,1.0,0.67,42.0,1.0,26.3,62.0
1030,Medellín,M,26.0,1.0,0.5,-1.0,0.5,0.0,1.0,0.0,1.0,493.0,3.0,28.9,51.4
1031,Medellín,M,26.0,1.0,0.5,-1.0,0.5,0.0,1.0,0.0,1.0,621.0,4.0,29.1,50.2
1032,Medellín,M,26.0,0.0,1.0,0.0,1.0,0.0,1.0,0.0,1.0,682.0,4.0,29.2,49.9
1033,Medellín,M,26.0,0.0,1.0,0.0,1.0,0.0,1.0,0.0,1.0,976.0,4.0,29.3,51.9
1034,Medellín,M,26.0,2.0,0.0,-2.0,0.0,0.0,1.0,0.0,1.0,1576.0,5.0,29.1,55.0
1035,Medellín,M,21.0,-1.0,0.5,1.0,0.5,1.0,0.67,-1.0,0.67,248.0,2.0,28.9,51.4
1036,Medellín,M,21.0,-1.0,0.5,1.0,0.5,1.0,0.67,-1.0,0.67,264.0,2.0,29.1,50.2
1037,Medellín,M,21.0,0.0,1.0,1.0,0.5,0.0,1.0,-1.0,0.67,299.0,2.0,29.2,49.9
1038,Medellín,M,21.0,0.0,1.0,0.0,1.0,0.0,1.0,-1.0,0.67,311.0,3.0,29.3,51.9
1039,Medellín,M,21.0,0.0,1.0,0.0,1.0,0.0,1.0,0.0,1.0,340.0,3.0,29.1,55.0
1040,Medellín,F,22.0,0.0,1.0,0.0,1.0,3.0,0.0,-3.0,0.0,884.0,4.0,28.9,51.4
1041,Medellín,F,22.0,0.0,1.0,-1.0,0.5,2.0,0.33,-2.0,0.33,981.0,4.0,29.1,50.2
1042,Medellín,F,22.0,2.0,0.0,0.0,1.0,-2.0,0.33,-3.0,0.0,975.0,4.0,29.3,51.9
1043,Medellín,F,21.0,1.0,0.5,-1.0,0.5,3.0,0.0,-2.0,0.33,310.0,3.0,28.9,51.4
1044,Medellín,F,21.0,1.0,0.5,-1.0,0.5,2.0,0.33,-1.0,0.67,331.0,3.0,29.1,50.2
1045,Medellín,F,21.0,0.0,1.0,0.0,1.0,1.0,0.67,-1.0,0.67,392.0,3.0,29.3,51.9
1046,Medellín,F,21.0,1.0,0.5,1.0,0.5,1.0,0.67,0.0,1.0,577.0,4.0,29.1,55.0
1047,Medellín,M,26.0,-1.0,0.5,2.0,0.0,2.0,0.33,-2.0,0.33,236.0,2.0,28.9,51.4
1048,Medellín,M,26.0,0.0,1.0,2.0,0.0,2.0,0.33,-3.0,0.0,262.0,2.0,29.1,50.2
1049,Medellín,M,26.0,-1.0,0.5,2.0,0.0,3.0,0.0,-3.0,0.0,302.0,3.0,29.2,49.9
1050,Medellín,M,26.0,-1.0,0.5,2.0,0.0,3.0,0.0,-3.0,0.0,309.0,3.0,29.3,51.9
1051,Medellín,M,26.0,0.0,1.0,0.0,1.0,3.0,0.0,-3.0,0.0,427.0,3.0,29.1,55.0
1052,Medellín,M,25.0,0.0,1.0,0.0,1.0,2.0,0.33,-1.0,0.67,565.0,4.0,28.9,51.4
1053,Medellín,M,25.0,0.0,1.0,0.0,1.0,2.0,0.33,-1.0,0.67,588.0,4.0,29.1,50.2
1054,Medellín,M,25.0,0.0,1.0,1.0,0.5,2.0,0.33,-2.0,0.33,635.0,4.0,29.2,49.9
1055,Medellín,M,25.0,-1.0,0.5,1.0,0.5,3.0,0.0,-2.0,0.33,698.0,4.0,29.3,51.9
1056,Medellín,M,25.0,2.0,0.0,-2.0,0.0,3.0,0.0,-2.0,0.33,1701.0,5.0,29.1,55.0
1057,Medellín,F,26.0,0.0,1.0,0.0,1.0,2.0,0.33,-1.0,0.67,384.0,3.0,28.9,51.4
1058,Medellín,F,26.0,0.0,1.0,0.0,1.0,2.0,0.33,-1.0,0.67,415.0,3.0,29.1,50.2
1059,Medellín,F,26.0,-1.0,0.5,1.0,0.5,0.0,1.0,0.0,1.0,438.0,3.0,29.2,49.9
1060,Medellín,F,26.0,0.0,1.0,0.0,1.0,1.0,0.67,-1.0,0.67,461.0,3.0,29.3,51.9
1061,Medellín,F,26.0,1.0,0.5,-1.0,0.5,2.0,0.33,-2.0,0.33,755.0,4.0,29.1,55.0
1062,Medellín,F,21.0,-1.0,0.5,1.0,0.5,1.0,0.67,-1.0,0.67,91.0,1.0,28.9,51.4
1063,Medellín,F,21.0,-1.0,0.5,1.0,0.5,1.0,0.67,-1.0,0.67,126.0,2.0,29.1,50.2
1064,Medellín,F,21.0,0.0,1.0,0.0,1.0,2.0,0.33,-3.0,0.0,140.0,2.0,29.2,49.9
1065,Medellín,F,21.0,0.0,1.0,1.0,0.5,3.0,0.0,-3.0,0.0,154.0,2.0,29.3,51.9
1066,Medellín,F,21.0,0.0,1.0,0.0,1.0,3.0,0.0,-2.0,0.33,246.0,2.0,29.1,55.0
1067,Medellín,M,22.0,0.0,1.0,1.0,0.5,0.0,1.0,0.0,1.0,356.0,3.0,21.7,76.0
1068,Medellín,M,22.0,0.0,1.0,0.0,1.0,0.0,1.0,0.0,1.0,363.0,3.0,22.2,74.2
1069,Medellín,M,22.0,0.0,1.0,0.0,1.0,0.0,1.0,0.0,1.0,381.0,3.0,22.7,72.4
1070,Medellín,M,22.0,0.0,1.0,0.0,1.0,1.0,0.67,-1.0,0.67,412.0,3.0,23.1,70.4
1071,Medellín,M,22.0,0.0,1.0,0.0,1.0,0.0,1.0,-1.0,0.67,474.0,3.0,23.5,68.0
1072,Medellín,F,21.0,0.0,1.0,0.0,1.0,0.0,1.0,0.0,1.0,116.0,2.0,21.7,76.0
1073,Medellín,F,21.0,0.0,1.0,0.0,1.0,0.0,1.0,0.0,1.0,116.0,2.0,22.2,74.2
1074,Medellín,F,21.0,0.0,1.0,0.0,1.0,0.0,1.0,0.0,1.0,122.0,2.0,22.7,72.4
1075,Medellín,F,21.0,0.0,1.0,0.0,1.0,0.0,1.0,0.0,1.0,122.0,2.0,23.1,70.4
1076,Medellín,F,21.0,-1.0,0.5,1.0,0.5,0.0,1.0,0.0,1.0,134.0,2.0,23.5,68.0
1077,Medellín,M,23.0,0.0,1.0,1.0,0.5,0.0,1.0,0.0,1.0,169.0,2.0,21.7,76.0
1078,Medellín,M,23.0,0.0,1.0,1.0,0.5,0.0,1.0,-1.0,0.67,169.0,2.0,22.2,74.2
1079,Medellín,M,23.0,0.0,1.0,1.0,0.5,0.0,1.0,-1.0,0.67,176.0,2.0,22.7,72.4
1080,Medellín,M,23.0,0.0,1.0,1.0,0.5,1.0,0.67,0.0,1.0,176.0,2.0,23.1,70.4
1081,Medellín,M,23.0,1.0,0.5,0.0,1.0,0.0,1.0,0.0,1.0,176.0,2.0,23.5,68.0
1082,Medellín,F,21.0,1.0,0.5,-1.0,0.5,0.0,1.0,0.0,1.0,379.0,3.0,21.7,76.0
1083,Medellín,F,21.0,1.0,0.5,-1.0,0.5,0.0,1.0,0.0,1.0,391.0,3.0,22.2,74.2
1084,Medellín,F,21.0,0.0,1.0,0.0,1.0,0.0,1.0,0.0,1.0,403.0,3.0,22.7,72.4
1085,Medellín,F,21.0,0.0,1.0,0.0,1.0,0.0,1.0,0.0,1.0,427.0,3.0,23.1,70.4
1086,Medellín,F,21.0,0.0,1.0,0.0,1.0,0.0,1.0,0.0,1.0,475.0,3.0,23.5,68.0
1087,Medellín,F,21.0,-1.0,0.5,1.0,0.5,0.0,1.0,0.0,1.0,126.0,2.0,21.7,76.0
1088,Medellín,F,21.0,2.0,0.0,1.0,0.5,0.0,1.0,0.0,1.0,131.0,2.0,22.2,74.2
1089,Medellín,F,21.0,0.0,1.0,0.0,1.0,-1.0,0.67,1.0,0.67,136.0,2.0,22.7,72.4
1090,Medellín,F,21.0,-1.0,0.5,0.0,1.0,0.0,1.0,0.0,1.0,136.0,2.0,23.1,70.4
1091,Medellín,F,21.0,2.0,0.0,0.0,1.0,1.0,0.67,1.0,0.67,146.0,2.0,23.5,68.0
1092,Medellín,F,22.0,1.0,0.5,-1.0,0.5,0.0,1.0,0.0,1.0,76.0,1.0,21.7,76.0
1093,Medellín,F,22.0,0.0,1.0,0.0,1.0,-1.0,0.67,0.0,1.0,83.0,1.0,22.2,74.2
1094,Medellín,F,22.0,0.0,1.0,0.0,1.0,0.0,1.0,0.0,1.0,89.0,1.0,23.1,70.4
1095,Medellín,F,22.0,1.0,0.5,0.0,1.0,0.0,1.0,0.0,1.0,83.0,1.0,23.5,68.0
1096,Medellín,F,22.0,-1.0,0.5,1.0,0.5,-1.0,0.67,1.0,0.67,87.0,1.0,21.7,76.0
1097,Medellín,F,22.0,-1.0,0.5,1.0,0.5,0.0,1.0,1.0,0.67,95.0,1.0,22.2,74.2
1098,Medellín,F,22.0,-1.0,0.5,1.0,0.5,0.0,1.0,1.0,0.67,102.0,2.0,22.7,72.4
1099,Medellín,F,22.0,1.0,0.5,1.0,0.5,0.0,1.0,1.0,0.67,110.0,2.0,23.1,70.4
1100,Medellín,F,22.0,1.0,0.5,1.0,0.5,0.0,1.0,1.0,0.67,142.0,2.0,23.5,68.0
1101,Medellín,F,24.0,1.0,0.5,1.0,0.5,-1.0,0.67,1.0,0.67,-10.0,1.0,22.2,74.2
1102,Medellín,F,24.0,0.0,1.0,1.0,0.5,-1.0,0.67,1.0,0.67,-10.0,1.0,22.7,72.4
1103,Medellín,F,24.0,0.0,1.0,0.0,1.0,-1.0,0.67,1.0,0.67,-10.0,1.0,23.1,70.4
1104,Medellín,F,24.0,0.0,1.0,0.0,1.0,0.0,1.0,2.0,0.33,13.0,1.0,23.5,68.0
1105,Medellín,M,24.0,0.0,1.0,2.0,0.0,0.0,1.0,0.0,1.0,-21.0,1.0,21.7,76.0
1106,Medellín,M,24.0,0.0,1.0,1.0,0.5,0.0,1.0,0.0,1.0,-21.0,1.0,22.2,74.2
1107,Medellín,M,24.0,0.0,1.0,1.0,0.5,0.0,1.0,0.0,1.0,-21.0,1.0,22.7,72.4
1108,Medellín,M,24.0,0.0,1.0,1.0,0.5,1.0,0.67,-1.0,0.67,-7.0,1.0,23.1,70.4
1109,Medellín,M,24.0,0.0,1.0,1.0,0.5,1.0,0.67,-1.0,0.67,-7.0,1.0,23.5,68.0
1110,Medellín,F,17.0,0.0,1.0,0.0,1.0,0.0,1.0,-1.0,0.67,130.0,2.0,27.6,63.2
1111,Medellín,F,17.0,0.0,1.0,0.0,1.0,1.0,0.67,1.0,0.67,98.0,1.0,27.1,67.8
1112,Medellín,F,17.0,0.0,1.0,0.0,1.0,0.0,1.0,-1.0,0.67,85.0,1.0,26.7,68.9
1113,Medellín,F,17.0,0.0,1.0,0.0,1.0,0.0,1.0,0.0,1.0,47.0,1.0,26.5,68.6
1114,Medellín,F,17.0,0.0,1.0,0.0,1.0,0.0,1.0,-1.0,0.67,47.0,1.0,26.5,66.1
1115,Medellín,F,18.0,-1.0,0.5,2.0,0.0,0.0,1.0,0.0,1.0,51.0,1.0,27.6,63.2
1116,Medellín,F,18.0,-1.0,0.5,2.0,0.0,-1.0,0.67,0.0,1.0,22.0,1.0,27.1,67.8
1117,Medellín,F,18.0,-2.0,0.0,2.0,0.0,-2.0,0.33,1.0,0.67,22.0,1.0,26.7,68.9
1118,Medellín,F,18.0,-1.0,0.5,2.0,0.0,-2.0,0.33,1.0,0.67,22.0,1.0,26.5,66.1
1119,Medellín,F,18.0,-1.0,0.5,2.0,0.0,1.0,0.67,-1.0,0.67,132.0,2.0,27.6,63.2
1120,Medellín,F,18.0,-1.0,0.5,2.0,0.0,1.0,0.67,-1.0,0.67,125.0,2.0,27.1,67.8
1121,Medellín,F,18.0,-1.0,0.5,2.0,0.0,1.0,0.67,-1.0,0.67,125.0,2.0,26.7,68.9
1122,Medellín,F,18.0,-1.0,0.5,1.0,0.5,-1.0,0.67,0.0,1.0,125.0,2.0,26.5,68.6
1123,Medellín,F,18.0,-1.0,0.5,1.0,0.5,-1.0,0.67,0.0,1.0,125.0,2.0,26.5,66.1
1124,Medellín,F,17.0,0.0,1.0,1.0,0.5,0.0,1.0,-1.0,0.67,170.0,2.0,27.6,63.2
1125,Medellín,F,17.0,-1.0,0.5,1.0,0.5,0.0,1.0,-1.0,0.67,140.0,2.0,27.1,67.8
1126,Medellín,F,17.0,0.0,1.0,1.0,0.5,0.0,1.0,0.0,1.0,104.0,2.0,26.5,68.6
1127,Medellín,F,17.0,0.0,1.0,1.0,0.5,0.0,1.0,0.0,1.0,86.0,1.0,26.5,66.1
1128,Medellín,F,18.0,-1.0,0.5,1.0,0.5,1.0,0.67,-2.0,0.33,75.0,1.0,27.6,63.2
1129,Medellín,F,18.0,-2.0,0.0,1.0,0.5,-1.0,0.67,-2.0,0.33,64.0,1.0,27.1,67.8
1130,Medellín,F,18.0,-1.0,0.5,1.0,0.5,-1.0,0.67,-2.0,0.33,64.0,1.0,26.7,68.9
1131,Medellín,F,18.0,-1.0,0.5,1.0,0.5,-2.0,0.33,-1.0,0.67,54.0,1.0,26.5,68.6
1132,Medellín,F,18.0,-1.0,0.5,2.0,0.0,-2.0,0.33,-2.0,0.33,54.0,1.0,26.5,66.1
1133,Medellín,M,21.0,1.0,0.5,2.0,0.0,1.0,0.67,-1.0,0.67,36.0,1.0,27.6,63.2
1134,Medellín,M,21.0,0.0,1.0,2.0,0.0,0.0,1.0,-1.0,0.67,36.0,1.0,27.1,67.8
1135,Medellín,M,21.0,0.0,1.0,2.0,0.0,1.0,0.67,-1.0,0.67,36.0,1.0,26.7,68.9
1136,Medellín,M,21.0,-1.0,0.5,2.0,0.0,0.0,1.0,-1.0,0.67,36.0,1.0,26.5,68.6
1137,Medellín,M,21.0,-1.0,0.5,2.0,0.0,1.0,0.67,-2.0,0.33,36.0,1.0,26.5,66.1
1138,Medellín,M,20.0,0.0,1.0,0.0,1.0,1.0,0.67,-1.0,0.67,-31.0,1.0,27.1,67.8
1139,Medellín,M,20.0,0.0,1.0,0.0,1.0,0.0,1.0,0.0,1.0,-23.0,1.0,26.7,68.9
1140,Medellín,M,20.0,0.0,1.0,0.0,1.0,0.0,1.0,-1.0,0.67,-47.0,1.0,26.5,68.6
1141,Medellín,M,20.0,0.0,1.0,0.0,1.0,0.0,1.0,-1.0,0.67,-47.0,1.0,26.5,66.1
